resume_text,role_category
"Farhan Iyer
farhaniyer0@examplemail.com | (555) 010-0000

SUMMARY
Data Analyst with 5 years of experience at TechNova Solutions, specializing in data analyst work.

SKILLS
Excel, DAX, TensorFlow, SQL, reporting, statistical analysis, Power Query, data cleaning, Power BI, Python, A/B testing

EXPERIENCE
Data Analyst | TechNova Solutions | 2020-Present
- Built and maintained dashboards tracking 13 KPIs for 2 stakeholder teams.
- Automated reporting workflows with Python, saving 18 hours per week.
- Improved data quality by 20% through validation checks and anomaly detection.

EDUCATION
Bachelor of Science | Metropolitan College | 2015",Data Analyst
"Arjun Kulkarni
arjunkulkarni1@examplemail.com | (555) 010-0001

SUMMARY
Senior Data Analyst with 4 years of experience at DataBridge Labs, specializing in data analyst work.

SKILLS
A/B testing, data validation, Kubernetes, Excel, KPIs, regression, Databricks, pivot tables, stakeholder reporting, ETL, stakeholder management, SQL, SSRS

EXPERIENCE
Senior Data Analyst | DataBridge Labs | 2020-Present
- Built and maintained dashboards tracking 13 KPIs for 5 stakeholder teams.
- Automated reporting workflows with Excel, saving 16 hours per week.
- Improved data quality by 15% through validation checks and anomaly detection.

EDUCATION
Bachelor of Science | State University | 2016",Data Analyst
"Arjun Joshi
arjunjoshi2@examplemail.com | (555) 010-0002

SUMMARY
Analytics Associate with 4 years of experience at DataBridge Labs, specializing in data analyst work.

SKILLS
TensorFlow, Power Query, GCP, pivot tables, Tableau, statistical modeling, Databricks, Power BI, DAX, A/B testing, data validation, statistical analysis, reporting

EXPERIENCE
Analytics Associate | DataBridge Labs | 2019-Present
- Built and maintained dashboards tracking 25 KPIs for 5 stakeholder teams.
- Automated reporting workflows with Python, saving 13 hours per week.
- Improved data quality by 14% through validation checks and anomaly detection.

EDUCATION
Bachelor of Science | Central State Institute | 2019",Data Analyst
"Ritu Joshi
ritujoshi3@examplemail.com | (555) 010-0003

SUMMARY
Analytics Associate with 6 years of experience at ApexInsight, specializing in data analyst work.

SKILLS
ETL, SQL, KPIs, data governance, reporting, Power BI, hypothesis testing, Excel, A/B testing, Tableau, Tableau, statistical analysis, pivot tables, CI/CD, data warehousing, data cleaning

EXPERIENCE
Analytics Associate | ApexInsight | 2018-Present
- Built and maintained dashboards tracking 28 KPIs for 4 stakeholder teams.
- Automated reporting workflows with Excel, saving 10 hours per week.
- Improved data quality by 26% through validation checks and anomaly detection.

EDUCATION
Bachelor of Science | National University | 2020",Data Analyst
"Farhan Das
farhandas4@examplemail.com | (555) 010-0004

SUMMARY
Data Analyst with 2 years of experience at BlueOrbit Data, specializing in data analyst work.

SKILLS
Power Query, Power BI, KPIs, A/B testing, SQL, ETL, Databricks, REST APIs, pivot tables, reporting, DAX

EXPERIENCE
Data Analyst | BlueOrbit Data | 2022-Present
- Built and maintained dashboards tracking 26 KPIs for 5 stakeholder teams.
- Automated reporting workflows with Excel, saving 10 hours per week.
- Improved data quality by 18% through validation checks and anomaly detection.

EDUCATION
Bachelor of Science | Central State Institute | 2020",Data Analyst
"Anika Chandra
anikachandra5@examplemail.com | (555) 010-0005

SUMMARY
Analytics Associate with 3 years of experience at CloudPeak, specializing in data analyst work.

SKILLS
reporting, statistical analysis, KPIs, data validation, pivot tables, A/B testing, XGBoost, hypothesis testing, data cleaning, SQL, TensorFlow, DAX

EXPERIENCE
Analytics Associate | CloudPeak | 2021-Present
- Built and maintained dashboards tracking 7 KPIs for 6 stakeholder teams.
- Automated reporting workflows with Python, saving 13 hours per week.
- Improved data quality by 31% through validation checks and anomaly detection.

EDUCATION
Bachelor of Science | Central State Institute | 2015",Data Analyst
"Ritu Khan
ritukhan6@examplemail.com | (555) 010-0006

SUMMARY
Senior Data Analyst with 2 years of experience at ApexInsight, specializing in data analyst work.

SKILLS
KPIs, statistical analysis, DAX, Tableau, data quality, feature stores, Power BI, Excel, ETL, Power Query, A/B testing, Kafka, statistical modeling, Tableau

EXPERIENCE
Senior Data Analyst | ApexInsight | 2024-Present
- Built and maintained dashboards tracking 18 KPIs for 3 stakeholder teams.
- Automated reporting workflows with SQL, saving 19 hours per week.
- Improved data quality by 17% through validation checks and anomaly detection.

EDUCATION
Bachelor of Science | Central State Institute | 2014",Data Analyst
"Aditya Iyer
adityaiyer7@examplemail.com | (555) 010-0007

SUMMARY
Data Analyst with 6 years of experience at TechNova Solutions, specializing in data analyst work.

SKILLS
Power BI, CI/CD, KPIs, A/B testing, Tableau, feature engineering, Power Query, Python, statistical modeling, ETL, statistical analysis, stakeholder reporting, MLflow

EXPERIENCE
Data Analyst | TechNova Solutions | 2024-Present
- Built and maintained dashboards tracking 15 KPIs for 2 stakeholder teams.
- Automated reporting workflows with Python, saving 20 hours per week.
- Improved data quality by 26% through validation checks and anomaly detection.

EDUCATION
Bachelor of Science | Central State Institute | 2018",Data Analyst
"Ananya Patel
ananyapatel8@examplemail.com | (555) 010-0008

SUMMARY
Data Analyst with 2 years of experience at BlueOrbit Data, specializing in data analyst work.

SKILLS
ETL, statistical analysis, Tableau, SQL, DAX, Excel, data cleaning, stakeholder reporting, feature stores, SQL

EXPERIENCE
Data Analyst | BlueOrbit Data | 2024-Present
- Built and maintained dashboards tracking 26 KPIs for 4 stakeholder teams.
- Automated reporting workflows with SQL, saving 15 hours per week.
- Improved data quality by 39% through validation checks and anomaly detection.

EDUCATION
Bachelor of Science | State University | 2014",Data Analyst
"Aarav Bose
aaravbose9@examplemail.com | (555) 010-0009

SUMMARY
Data Analyst with 1 years of experience at ApexInsight, specializing in data analyst work.

SKILLS
Excel, Tableau, data validation, stakeholder reporting, KPIs, Power BI, pivot tables, reporting, Databricks, feature engineering, Power BI, Kubernetes

EXPERIENCE
Data Analyst | ApexInsight | 2022-Present
- Built and maintained dashboards tracking 8 KPIs for 6 stakeholder teams.
- Automated reporting workflows with Python, saving 13 hours per week.
- Improved data quality by 19% through validation checks and anomaly detection.

EDUCATION
Bachelor of Science | Central State Institute | 2015",Data Analyst
"Manoj Kulkarni
manojkulkarni10@examplemail.com | (555) 010-0010

SUMMARY
Analytics Associate with 1 years of experience at CloudPeak, specializing in data analyst work.

SKILLS
statistical analysis, Power Query, Excel, Power BI, data cleaning, data pipelines, Power BI, SSRS, SQL, DAX, stakeholder reporting, data validation, A/B testing, KPIs, feature engineering

EXPERIENCE
Analytics Associate | CloudPeak | 2023-Present
- Built and maintained dashboards tracking 14 KPIs for 4 stakeholder teams.
- Automated reporting workflows with Python, saving 16 hours per week.
- Improved data quality by 16% through validation checks and anomaly detection.

EDUCATION
Bachelor of Science | Metropolitan College | 2015",Data Analyst
"Lakshmi Iyer
lakshmiiyer11@examplemail.com | (555) 010-0011

SUMMARY
Senior Data Analyst with 4 years of experience at BrightSpark Analytics, specializing in data analyst work.

SKILLS
A/B testing, Power Query, Tableau, Airflow, pivot tables, Power BI, SQL, KPIs, statistical analysis, scikit-learn, Excel, stakeholder reporting, data cleaning, DAX, data warehousing, feature engineering

EXPERIENCE
Senior Data Analyst | BrightSpark Analytics | 2023-Present
- Built and maintained dashboards tracking 15 KPIs for 4 stakeholder teams.
- Automated reporting workflows with Python, saving 13 hours per week.
- Improved data quality by 21% through validation checks and anomaly detection.

EDUCATION
Bachelor of Science | Central State Institute | 2018",Data Analyst
"Sanjay Kulkarni
sanjaykulkarni12@examplemail.com | (555) 010-0012

SUMMARY
Senior Data Analyst with 1 years of experience at TechNova Solutions, specializing in data analyst work.

SKILLS
reporting, SQL, dashboard design, data validation, statistical analysis, CI/CD, Tableau, pivot tables, ETL, KPIs, Excel

EXPERIENCE
Senior Data Analyst | TechNova Solutions | 2024-Present
- Built and maintained dashboards tracking 26 KPIs for 4 stakeholder teams.
- Automated reporting workflows with Excel, saving 15 hours per week.
- Improved data quality by 31% through validation checks and anomaly detection.

EDUCATION
Bachelor of Science | State University | 2014",Data Analyst
"Neha Das
nehadas13@examplemail.com | (555) 010-0013

SUMMARY
Analytics Associate with 6 years of experience at BlueOrbit Data, specializing in data analyst work.

SKILLS
Databricks, pivot tables, DAX, KPIs, statistical analysis, Spark, SSRS, stakeholder reporting, Power BI, Excel, data cleaning, Tableau, data validation, Python, reporting

EXPERIENCE
Analytics Associate | BlueOrbit Data | 2024-Present
- Built and maintained dashboards tracking 7 KPIs for 4 stakeholder teams.
- Automated reporting workflows with Excel, saving 15 hours per week.
- Improved data quality by 12% through validation checks and anomaly detection.

EDUCATION
Bachelor of Science | Metropolitan College | 2020",Data Analyst
"Divya Das
divyadas14@examplemail.com | (555) 010-0014

SUMMARY
Data Analyst with 1 years of experience at CloudPeak, specializing in data analyst work.

SKILLS
PyTorch, stakeholder reporting, Python, DAX, Excel, Power Query, Spark, A/B testing, ETL, statistical analysis, Tableau, SQL, experimental design

EXPERIENCE
Data Analyst | CloudPeak | 2024-Present
- Built and maintained dashboards tracking 19 KPIs for 3 stakeholder teams.
- Automated reporting workflows with SQL, saving 15 hours per week.
- Improved data quality by 40% through validation checks and anomaly detection.

EDUCATION
Bachelor of Science | Institute of Technology | 2017",Data Analyst
"Anika Chandra
anikachandra15@examplemail.com | (555) 010-0015

SUMMARY
Data Analyst with 5 years of experience at BlueOrbit Data, specializing in data analyst work.

SKILLS
data cleaning, KPIs, Kubernetes, Excel, A/B testing, dbt, PyTorch, Docker, reporting, Tableau, hypothesis testing, Power Query, data validation, pivot tables, stakeholder reporting, Power BI

EXPERIENCE
Data Analyst | BlueOrbit Data | 2021-Present
- Built and maintained dashboards tracking 19 KPIs for 5 stakeholder teams.
- Automated reporting workflows with Python, saving 11 hours per week.
- Improved data quality by 36% through validation checks and anomaly detection.

EDUCATION
Bachelor of Science | National University | 2017",Data Analyst
"Varun Sharma
varunsharma16@examplemail.com | (555) 010-0016

SUMMARY
Senior Data Analyst with 1 years of experience at ApexInsight, specializing in data analyst work.

SKILLS
TensorFlow, statistical analysis, Docker, pivot tables, DAX, DAX, data validation, Tableau, Power Query, R, A/B testing of models, reporting, ETL

EXPERIENCE
Senior Data Analyst | ApexInsight | 2018-Present
- Built and maintained dashboards tracking 25 KPIs for 5 stakeholder teams.
- Automated reporting workflows with Python, saving 19 hours per week.
- Improved data quality by 15% through validation checks and anomaly detection.

EDUCATION
Bachelor of Science | National University | 2016",Data Analyst
"Sanjay Kulkarni
sanjaykulkarni17@examplemail.com | (555) 010-0017

SUMMARY
Senior Data Analyst with 4 years of experience at CloudPeak, specializing in data analyst work.

SKILLS
SQL, data validation, Excel, A/B testing, KPIs, pivot tables, TensorFlow, stakeholder reporting, data cleaning, Power Query, statistical analysis, deep learning

EXPERIENCE
Senior Data Analyst | CloudPeak | 2023-Present
- Built and maintained dashboards tracking 26 KPIs for 2 stakeholder teams.
- Automated reporting workflows with Excel, saving 11 hours per week.
- Improved data quality by 24% through validation checks and anomaly detection.

EDUCATION
Bachelor of Science | National University | 2016",Data Analyst
"Ishita Gupta
ishitagupta18@examplemail.com | (555) 010-0018

SUMMARY
Analytics Associate with 6 years of experience at ApexInsight, specializing in data analyst work.

SKILLS
ETL, DAX, ETL, Power BI, Power Query, Spark, SQL, dbt, Excel, stakeholder reporting, data validation, SQL, hypothesis testing

EXPERIENCE
Analytics Associate | ApexInsight | 2024-Present
- Built and maintained dashboards tracking 16 KPIs for 2 stakeholder teams.
- Automated reporting workflows with Excel, saving 15 hours per week.
- Improved data quality by 10% through validation checks and anomaly detection.

EDUCATION
Bachelor of Science | Central State Institute | 2017",Data Analyst
"Kavya Iyer
kavyaiyer19@examplemail.com | (555) 010-0019

SUMMARY
Analytics Associate with 3 years of experience at Nexalytics, specializing in data analyst work.

SKILLS
schema design, Tableau, Power Query, PyTorch, statistical analysis, ETL, DAX, data validation, data cleaning, MLOps, stakeholder reporting, A/B testing, reporting, Power BI, Databricks

EXPERIENCE
Analytics Associate | Nexalytics | 2022-Present
- Built and maintained dashboards tracking 30 KPIs for 4 stakeholder teams.
- Automated reporting workflows with SQL, saving 13 hours per week.
- Improved data quality by 38% through validation checks and anomaly detection.

EDUCATION
Bachelor of Science | Metropolitan College | 2019",Data Analyst
"Karan Sharma
karansharma20@examplemail.com | (555) 010-0020

SUMMARY
Data Analyst with 4 years of experience at BlueOrbit Data, specializing in data analyst work.

SKILLS
DAX, statistical analysis, regression, stakeholder reporting, A/B testing, KPIs, Power Query, Tableau, Kubernetes, ETL, reporting

EXPERIENCE
Data Analyst | BlueOrbit Data | 2021-Present
- Built and maintained dashboards tracking 28 KPIs for 6 stakeholder teams.
- Automated reporting workflows with SQL, saving 16 hours per week.
- Improved data quality by 32% through validation checks and anomaly detection.

EDUCATION
Bachelor of Science | Institute of Technology | 2016",Data Analyst
"Meera Joshi
meerajoshi21@examplemail.com | (555) 010-0021

SUMMARY
Analytics Associate with 6 years of experience at CloudPeak, specializing in data analyst work.

SKILLS
Excel, scikit-learn, Kubernetes, ETL, SQL, data cleaning, A/B testing, Databricks, pivot tables, Power BI, DAX, Tableau, reporting

EXPERIENCE
Analytics Associate | CloudPeak | 2020-Present
- Built and maintained dashboards tracking 29 KPIs for 5 stakeholder teams.
- Automated reporting workflows with Python, saving 5 hours per week.
- Improved data quality by 28% through validation checks and anomaly detection.

EDUCATION
Bachelor of Science | State University | 2017",Data Analyst
"Kavya Bose
kavyabose22@examplemail.com | (555) 010-0022

SUMMARY
Data Analyst with 5 years of experience at BrightSpark Analytics, specializing in data analyst work.

SKILLS
statistical analysis, stakeholder reporting, A/B testing, KPIs, Excel, SQL, reporting, SSRS, Power Query, regression, PyTorch, data cleaning, DAX, pandas

EXPERIENCE
Data Analyst | BrightSpark Analytics | 2023-Present
- Built and maintained dashboards tracking 28 KPIs for 2 stakeholder teams.
- Automated reporting workflows with Python, saving 11 hours per week.
- Improved data quality by 18% through validation checks and anomaly detection.

EDUCATION
Bachelor of Science | Institute of Technology | 2014",Data Analyst
"Ananya Nair
ananyanair23@examplemail.com | (555) 010-0023

SUMMARY
Data Analyst with 3 years of experience at InsightWorks, specializing in data analyst work.

SKILLS
data validation, Power Query, A/B testing, Airflow, Excel, SQL, data quality, dbt, ETL, DAX, Kubernetes, statistical analysis, KPIs

EXPERIENCE
Data Analyst | InsightWorks | 2020-Present
- Built and maintained dashboards tracking 9 KPIs for 2 stakeholder teams.
- Automated reporting workflows with Python, saving 10 hours per week.
- Improved data quality by 35% through validation checks and anomaly detection.

EDUCATION
Bachelor of Science | Central State Institute | 2018",Data Analyst
"Neha Das
nehadas24@examplemail.com | (555) 010-0024

SUMMARY
Senior Data Analyst with 5 years of experience at PrimeSight, specializing in data analyst work.

SKILLS
data validation, Excel, A/B testing, Power Query, MLflow, R, ETL, data governance, KPIs, DAX, MLOps, SQL, data pipelines, reporting, statistical analysis

EXPERIENCE
Senior Data Analyst | PrimeSight | 2021-Present
- Built and maintained dashboards tracking 18 KPIs for 5 stakeholder teams.
- Automated reporting workflows with Python, saving 20 hours per week.
- Improved data quality by 21% through validation checks and anomaly detection.

EDUCATION
Bachelor of Science | State University | 2016",Data Analyst
"Rohit Iyer
rohitiyer25@examplemail.com | (555) 010-0025

SUMMARY
Senior Data Analyst with 3 years of experience at InsightWorks, specializing in data analyst work.

SKILLS
SQL, stakeholder reporting, SQL, statistical analysis, data cleaning, ETL, SQL, data quality, pivot tables, Power Query, A/B testing, Power BI, reporting, data validation, Excel, Python

EXPERIENCE
Senior Data Analyst | InsightWorks | 2022-Present
- Built and maintained dashboards tracking 19 KPIs for 5 stakeholder teams.
- Automated reporting workflows with Python, saving 5 hours per week.
- Improved data quality by 30% through validation checks and anomaly detection.

EDUCATION
Bachelor of Science | Metropolitan College | 2020",Data Analyst
"Divya Gupta
divyagupta26@examplemail.com | (555) 010-0026

SUMMARY
Data Analyst with 5 years of experience at QuantumMetrics, specializing in data analyst work.

SKILLS
PyTorch, DAX, Looker, statistical analysis, data cleaning, Tableau, data validation, Power BI, SSRS, Excel, Tableau, KPIs, pivot tables, reporting, stakeholder reporting, Databricks, A/B testing

EXPERIENCE
Data Analyst | QuantumMetrics | 2021-Present
- Built and maintained dashboards tracking 23 KPIs for 5 stakeholder teams.
- Automated reporting workflows with Python, saving 19 hours per week.
- Improved data quality by 27% through validation checks and anomaly detection.

EDUCATION
Bachelor of Science | Central State Institute | 2016",Data Analyst
"Rohit Singh
rohitsingh27@examplemail.com | (555) 010-0027

SUMMARY
Data Analyst with 4 years of experience at PrimeSight, specializing in data analyst work.

SKILLS
NumPy, machine learning, Tableau, A/B testing, stakeholder reporting, SQL, ETL, DAX, statistical analysis, pivot tables, DAX, Power Query

EXPERIENCE
Data Analyst | PrimeSight | 2020-Present
- Built and maintained dashboards tracking 25 KPIs for 3 stakeholder teams.
- Automated reporting workflows with Python, saving 20 hours per week.
- Improved data quality by 35% through validation checks and anomaly detection.

EDUCATION
Bachelor of Science | Metropolitan College | 2016",Data Analyst
"Anika Singh
anikasingh28@examplemail.com | (555) 010-0028

SUMMARY
Analytics Associate with 3 years of experience at DataBridge Labs, specializing in data analyst work.

SKILLS
DAX, stakeholder reporting, scikit-learn, reporting, Power Query, SQL, statistical analysis, A/B testing, data cleaning, Excel, pivot tables, KPIs, Power BI, A/B testing of models

EXPERIENCE
Analytics Associate | DataBridge Labs | 2023-Present
- Built and maintained dashboards tracking 18 KPIs for 3 stakeholder teams.
- Automated reporting workflows with Python, saving 18 hours per week.
- Improved data quality by 28% through validation checks and anomaly detection.

EDUCATION
Bachelor of Science | Metropolitan College | 2020",Data Analyst
"Ananya Gupta
ananyagupta29@examplemail.com | (555) 010-0029

SUMMARY
Analytics Associate with 2 years of experience at InsightWorks, specializing in data analyst work.

SKILLS
ETL, Power Query, stakeholder reporting, SQL, A/B testing, Python, Snowflake, Power BI, DAX, data cleaning, Tableau, pivot tables, reporting, KPIs, Tableau

EXPERIENCE
Analytics Associate | InsightWorks | 2022-Present
- Built and maintained dashboards tracking 17 KPIs for 5 stakeholder teams.
- Automated reporting workflows with Python, saving 12 hours per week.
- Improved data quality by 22% through validation checks and anomaly detection.

EDUCATION
Bachelor of Science | State University | 2016",Data Analyst
"Varun Das
varundas30@examplemail.com | (555) 010-0030

SUMMARY
Analytics Associate with 1 years of experience at QuantumMetrics, specializing in data analyst work.

SKILLS
statistical analysis, business requirements, Power Query, A/B testing, KPIs, data cleaning, Excel, data validation, SQL, ETL, SQL, TensorFlow, stakeholder management, reporting, stakeholder reporting

EXPERIENCE
Analytics Associate | QuantumMetrics | 2019-Present
- Built and maintained dashboards tracking 14 KPIs for 4 stakeholder teams.
- Automated reporting workflows with Excel, saving 18 hours per week.
- Improved data quality by 15% through validation checks and anomaly detection.

EDUCATION
Bachelor of Science | State University | 2015",Data Analyst
"Ritu Verma
rituverma31@examplemail.com | (555) 010-0031

SUMMARY
Senior Data Analyst with 4 years of experience at BlueOrbit Data, specializing in data analyst work.

SKILLS
ETL, pivot tables, data quality, A/B testing, data validation, KPIs, Kafka, stakeholder reporting, Excel, reporting, Power Query, Spark

EXPERIENCE
Senior Data Analyst | BlueOrbit Data | 2023-Present
- Built and maintained dashboards tracking 16 KPIs for 4 stakeholder teams.
- Automated reporting workflows with Excel, saving 17 hours per week.
- Improved data quality by 36% through validation checks and anomaly detection.

EDUCATION
Bachelor of Science | Central State Institute | 2016",Data Analyst
"Sneha Nair
snehanair32@examplemail.com | (555) 010-0032

SUMMARY
Analytics Associate with 6 years of experience at PrimeSight, specializing in data analyst work.

SKILLS
reporting, pandas, ETL, PyTorch, data cleaning, pivot tables, DAX, DAX, Tableau, scikit-learn, SQL, stakeholder reporting, A/B testing, statistical analysis, data validation, Excel

EXPERIENCE
Analytics Associate | PrimeSight | 2019-Present
- Built and maintained dashboards tracking 16 KPIs for 3 stakeholder teams.
- Automated reporting workflows with SQL, saving 19 hours per week.
- Improved data quality by 40% through validation checks and anomaly detection.

EDUCATION
Bachelor of Science | State University | 2020",Data Analyst
"Ishita Iyer
ishitaiyer33@examplemail.com | (555) 010-0033

SUMMARY
Analytics Associate with 2 years of experience at BrightSpark Analytics, specializing in data analyst work.

SKILLS
stakeholder reporting, pivot tables, SQL, data warehousing, DAX, Excel, data cleaning, statistical analysis, statistical modeling, data validation, Tableau, A/B testing

EXPERIENCE
Analytics Associate | BrightSpark Analytics | 2019-Present
- Built and maintained dashboards tracking 30 KPIs for 6 stakeholder teams.
- Automated reporting workflows with Python, saving 13 hours per week.
- Improved data quality by 37% through validation checks and anomaly detection.

EDUCATION
Bachelor of Science | Central State Institute | 2015",Data Analyst
"Ritu Joshi
ritujoshi34@examplemail.com | (555) 010-0034

SUMMARY
Analytics Associate with 5 years of experience at InsightWorks, specializing in data analyst work.

SKILLS
Power Query, Tableau, NumPy, Power BI, ETL, pivot tables, stakeholder reporting, feature stores, KPIs, data pipelines, SQL, statistical modeling

EXPERIENCE
Analytics Associate | InsightWorks | 2018-Present
- Built and maintained dashboards tracking 6 KPIs for 6 stakeholder teams.
- Automated reporting workflows with SQL, saving 19 hours per week.
- Improved data quality by 30% through validation checks and anomaly detection.

EDUCATION
Bachelor of Science | State University | 2014",Data Analyst
"Kavya Singh
kavyasingh35@examplemail.com | (555) 010-0035

SUMMARY
Senior Data Analyst with 4 years of experience at Nexalytics, specializing in data analyst work.

SKILLS
Excel, pivot tables, Power BI, stakeholder reporting, data governance, CI/CD, Kubernetes, ETL, data warehousing, statistical analysis, KPIs, data cleaning, Power Query, A/B testing, data validation

EXPERIENCE
Senior Data Analyst | Nexalytics | 2023-Present
- Built and maintained dashboards tracking 18 KPIs for 2 stakeholder teams.
- Automated reporting workflows with SQL, saving 18 hours per week.
- Improved data quality by 20% through validation checks and anomaly detection.

EDUCATION
Bachelor of Science | State University | 2016",Data Analyst
"Ishita Khan
ishitakhan36@examplemail.com | (555) 010-0036

SUMMARY
Data Analyst with 2 years of experience at PrimeSight, specializing in data analyst work.

SKILLS
deep learning, DAX, Power BI, statistical analysis, SQL, pandas, KPIs, SQL, pivot tables, Excel, reporting, feature stores

EXPERIENCE
Data Analyst | PrimeSight | 2024-Present
- Built and maintained dashboards tracking 8 KPIs for 4 stakeholder teams.
- Automated reporting workflows with Excel, saving 16 hours per week.
- Improved data quality by 13% through validation checks and anomaly detection.

EDUCATION
Bachelor of Science | State University | 2016",Data Analyst
"Varun Nair
varunnair37@examplemail.com | (555) 010-0037

SUMMARY
Analytics Associate with 3 years of experience at Nexalytics, specializing in data analyst work.

SKILLS
ETL, pivot tables, experimental design, model evaluation, data validation, DAX, Power BI, SQL, A/B testing, data quality, data cleaning, statistical analysis, stakeholder reporting, reporting, KPIs, Python

EXPERIENCE
Analytics Associate | Nexalytics | 2018-Present
- Built and maintained dashboards tracking 28 KPIs for 4 stakeholder teams.
- Automated reporting workflows with Excel, saving 7 hours per week.
- Improved data quality by 38% through validation checks and anomaly detection.

EDUCATION
Bachelor of Science | Central State Institute | 2015",Data Analyst
"Ananya Patel
ananyapatel38@examplemail.com | (555) 010-0038

SUMMARY
Senior Data Analyst with 3 years of experience at DataBridge Labs, specializing in data analyst work.

SKILLS
Excel, Tableau, Spark, DAX, data warehousing, KPIs, ETL, Power BI, ETL, stakeholder reporting, reporting, statistical analysis, A/B testing, data validation, SQL

EXPERIENCE
Senior Data Analyst | DataBridge Labs | 2019-Present
- Built and maintained dashboards tracking 8 KPIs for 2 stakeholder teams.
- Automated reporting workflows with SQL, saving 18 hours per week.
- Improved data quality by 15% through validation checks and anomaly detection.

EDUCATION
Bachelor of Science | Metropolitan College | 2017",Data Analyst
"Ritu Nair
ritunair39@examplemail.com | (555) 010-0039

SUMMARY
Analytics Associate with 5 years of experience at BlueOrbit Data, specializing in data analyst work.

SKILLS
feature stores, Power BI, data cleaning, stakeholder management, dbt, SQL, Spark, dashboard design, KPIs, DAX, Power Query, Excel, A/B testing, statistical analysis, stakeholder reporting

EXPERIENCE
Analytics Associate | BlueOrbit Data | 2020-Present
- Built and maintained dashboards tracking 7 KPIs for 5 stakeholder teams.
- Automated reporting workflows with SQL, saving 15 hours per week.
- Improved data quality by 17% through validation checks and anomaly detection.

EDUCATION
Bachelor of Science | Central State Institute | 2020",Data Analyst
"Ananya Reddy
ananyareddy40@examplemail.com | (555) 010-0040

SUMMARY
Analytics Associate with 4 years of experience at BlueOrbit Data, specializing in data analyst work.

SKILLS
data cleaning, Tableau, stakeholder reporting, Power Query, hypothesis testing, A/B testing, KPIs, Power BI, Python, ETL, data validation, Excel, statistical analysis, AWS, pivot tables

EXPERIENCE
Analytics Associate | BlueOrbit Data | 2022-Present
- Built and maintained dashboards tracking 19 KPIs for 4 stakeholder teams.
- Automated reporting workflows with SQL, saving 6 hours per week.
- Improved data quality by 21% through validation checks and anomaly detection.

EDUCATION
Bachelor of Science | State University | 2014",Data Analyst
"Meera Bose
meerabose41@examplemail.com | (555) 010-0041

SUMMARY
Data Analyst with 6 years of experience at PrimeSight, specializing in data analyst work.

SKILLS
Excel, Tableau, reporting, Snowflake, stakeholder reporting, data validation, Power Query, statistical analysis, ETL, data cleaning, Power BI, KPIs

EXPERIENCE
Data Analyst | PrimeSight | 2019-Present
- Built and maintained dashboards tracking 7 KPIs for 6 stakeholder teams.
- Automated reporting workflows with Excel, saving 10 hours per week.
- Improved data quality by 11% through validation checks and anomaly detection.

EDUCATION
Bachelor of Science | State University | 2019",Data Analyst
"Aditya Bose
adityabose42@examplemail.com | (555) 010-0042

SUMMARY
Analytics Associate with 2 years of experience at BlueOrbit Data, specializing in data analyst work.

SKILLS
SQL, statistical analysis, ETL, reporting, KPIs, Spark, pivot tables, stakeholder reporting, data validation, scikit-learn, SSRS, CI/CD, DAX

EXPERIENCE
Analytics Associate | BlueOrbit Data | 2024-Present
- Built and maintained dashboards tracking 24 KPIs for 2 stakeholder teams.
- Automated reporting workflows with SQL, saving 17 hours per week.
- Improved data quality by 30% through validation checks and anomaly detection.

EDUCATION
Bachelor of Science | Central State Institute | 2016",Data Analyst
"Vikram Reddy
vikramreddy43@examplemail.com | (555) 010-0043

SUMMARY
Senior Data Analyst with 2 years of experience at Nexalytics, specializing in data analyst work.

SKILLS
reporting, Tableau, DAX, Kubernetes, KPIs, Power BI, A/B testing, pivot tables, hypothesis testing, experimental design, data validation

EXPERIENCE
Senior Data Analyst | Nexalytics | 2021-Present
- Built and maintained dashboards tracking 10 KPIs for 3 stakeholder teams.
- Automated reporting workflows with Excel, saving 10 hours per week.
- Improved data quality by 33% through validation checks and anomaly detection.

EDUCATION
Bachelor of Science | Central State Institute | 2014",Data Analyst
"Pooja Verma
poojaverma44@examplemail.com | (555) 010-0044

SUMMARY
Analytics Associate with 6 years of experience at CloudPeak, specializing in data analyst work.

SKILLS
KPIs, Power Query, A/B testing, reporting, REST APIs, Spark, DAX, ETL, statistical analysis, data cleaning, Tableau, dashboard design, data validation

EXPERIENCE
Analytics Associate | CloudPeak | 2024-Present
- Built and maintained dashboards tracking 20 KPIs for 4 stakeholder teams.
- Automated reporting workflows with Excel, saving 8 hours per week.
- Improved data quality by 32% through validation checks and anomaly detection.

EDUCATION
Bachelor of Science | National University | 2018",Data Analyst
"Sneha Das
snehadas45@examplemail.com | (555) 010-0045

SUMMARY
Senior Data Analyst with 4 years of experience at DataBridge Labs, specializing in data analyst work.

SKILLS
A/B testing, Excel, ETL, regression, CI/CD, pivot tables, PyTorch, SQL, Power BI, REST APIs, DAX, reporting, Tableau, KPIs, statistical analysis, SQL

EXPERIENCE
Senior Data Analyst | DataBridge Labs | 2019-Present
- Built and maintained dashboards tracking 24 KPIs for 2 stakeholder teams.
- Automated reporting workflows with Python, saving 5 hours per week.
- Improved data quality by 18% through validation checks and anomaly detection.

EDUCATION
Bachelor of Science | Institute of Technology | 2020",Data Analyst
"Vikram Chandra
vikramchandra46@examplemail.com | (555) 010-0046

SUMMARY
Data Analyst with 2 years of experience at DataBridge Labs, specializing in data analyst work.

SKILLS
KPIs, stakeholder management, ETL, SQL, SQL, stakeholder reporting, Excel, A/B testing, data cleaning, Tableau, statistical analysis, Power Query

EXPERIENCE
Data Analyst | DataBridge Labs | 2022-Present
- Built and maintained dashboards tracking 26 KPIs for 2 stakeholder teams.
- Automated reporting workflows with Excel, saving 16 hours per week.
- Improved data quality by 12% through validation checks and anomaly detection.

EDUCATION
Bachelor of Science | Metropolitan College | 2018",Data Analyst
"Nikhil Sharma
nikhilsharma47@examplemail.com | (555) 010-0047

SUMMARY
Data Analyst with 2 years of experience at Nexalytics, specializing in data analyst work.

SKILLS
reporting, dimensional modeling, KPIs, SQL, pivot tables, data validation, data cleaning, NumPy, statistical analysis, Tableau, machine learning, DAX, Power Query, deep learning, Excel

EXPERIENCE
Data Analyst | Nexalytics | 2020-Present
- Built and maintained dashboards tracking 6 KPIs for 3 stakeholder teams.
- Automated reporting workflows with Python, saving 15 hours per week.
- Improved data quality by 39% through validation checks and anomaly detection.

EDUCATION
Bachelor of Science | National University | 2018",Data Analyst
"Sanjay Agarwal
sanjayagarwal48@examplemail.com | (555) 010-0048

SUMMARY
Analytics Associate with 1 years of experience at QuantumMetrics, specializing in data analyst work.

SKILLS
SQL, pivot tables, statistical analysis, data validation, Spark, data cleaning, Power BI, data pipelines, A/B testing of models, Excel, Power Query, stakeholder reporting, KPIs

EXPERIENCE
Analytics Associate | QuantumMetrics | 2018-Present
- Built and maintained dashboards tracking 18 KPIs for 6 stakeholder teams.
- Automated reporting workflows with Python, saving 14 hours per week.
- Improved data quality by 20% through validation checks and anomaly detection.

EDUCATION
Bachelor of Science | State University | 2014",Data Analyst
"Rohit Das
rohitdas49@examplemail.com | (555) 010-0049

SUMMARY
Analytics Associate with 2 years of experience at QuantumMetrics, specializing in data analyst work.

SKILLS
DAX, statistical analysis, SQL, ETL, pivot tables, Power Query, stakeholder management, reporting, Power BI, A/B testing, KPIs, SQL, stakeholder reporting

EXPERIENCE
Analytics Associate | QuantumMetrics | 2022-Present
- Built and maintained dashboards tracking 29 KPIs for 4 stakeholder teams.
- Automated reporting workflows with SQL, saving 17 hours per week.
- Improved data quality by 40% through validation checks and anomaly detection.

EDUCATION
Bachelor of Science | National University | 2014",Data Analyst
"Anika Khan
anikakhan50@examplemail.com | (555) 010-0050

SUMMARY
Senior Data Analyst with 6 years of experience at PrimeSight, specializing in data analyst work.

SKILLS
Power Query, reporting, pivot tables, R, Power BI, DAX, data pipelines, Excel, stakeholder reporting, statistical analysis, A/B testing, KPIs, ETL

EXPERIENCE
Senior Data Analyst | PrimeSight | 2018-Present
- Built and maintained dashboards tracking 20 KPIs for 3 stakeholder teams.
- Automated reporting workflows with Python, saving 9 hours per week.
- Improved data quality by 37% through validation checks and anomaly detection.

EDUCATION
Bachelor of Science | Metropolitan College | 2017",Data Analyst
"Ananya Bose
ananyabose51@examplemail.com | (555) 010-0051

SUMMARY
Analytics Associate with 4 years of experience at DataBridge Labs, specializing in data analyst work.

SKILLS
data warehousing, pandas, Power BI, A/B testing, Excel, data validation, SQL, statistical analysis, data cleaning, DAX, KPIs, Power Query, reporting

EXPERIENCE
Analytics Associate | DataBridge Labs | 2021-Present
- Built and maintained dashboards tracking 27 KPIs for 5 stakeholder teams.
- Automated reporting workflows with Excel, saving 18 hours per week.
- Improved data quality by 34% through validation checks and anomaly detection.

EDUCATION
Bachelor of Science | Metropolitan College | 2020",Data Analyst
"Varun Reddy
varunreddy52@examplemail.com | (555) 010-0052

SUMMARY
Analytics Associate with 3 years of experience at InsightWorks, specializing in data analyst work.

SKILLS
pivot tables, data quality, reporting, DAX, Power BI, SQL, ETL, data cleaning, A/B testing of models, KPIs, A/B testing

EXPERIENCE
Analytics Associate | InsightWorks | 2023-Present
- Built and maintained dashboards tracking 21 KPIs for 4 stakeholder teams.
- Automated reporting workflows with Python, saving 13 hours per week.
- Improved data quality by 16% through validation checks and anomaly detection.

EDUCATION
Bachelor of Science | Metropolitan College | 2018",Data Analyst
"Karan Khan
karankhan53@examplemail.com | (555) 010-0053

SUMMARY
Analytics Associate with 5 years of experience at QuantumMetrics, specializing in data analyst work.

SKILLS
pivot tables, ETL, stakeholder reporting, ETL, Power BI, DAX, Power Query, data quality, data cleaning, reporting

EXPERIENCE
Analytics Associate | QuantumMetrics | 2020-Present
- Built and maintained dashboards tracking 25 KPIs for 2 stakeholder teams.
- Automated reporting workflows with SQL, saving 14 hours per week.
- Improved data quality by 30% through validation checks and anomaly detection.

EDUCATION
Bachelor of Science | Central State Institute | 2017",Data Analyst
"Divya Singh
divyasingh54@examplemail.com | (555) 010-0054

SUMMARY
Data Analyst with 2 years of experience at QuantumMetrics, specializing in data analyst work.

SKILLS
DAX, MLOps, data quality, Power BI, stakeholder reporting, KPIs, dbt, A/B testing, Kafka, statistical analysis, pivot tables, Tableau

EXPERIENCE
Data Analyst | QuantumMetrics | 2021-Present
- Built and maintained dashboards tracking 9 KPIs for 2 stakeholder teams.
- Automated reporting workflows with Python, saving 14 hours per week.
- Improved data quality by 40% through validation checks and anomaly detection.

EDUCATION
Bachelor of Science | National University | 2020",Data Analyst
"Anika Chandra
anikachandra55@examplemail.com | (555) 010-0055

SUMMARY
Senior Data Analyst with 4 years of experience at CloudPeak, specializing in data analyst work.

SKILLS
reporting, Tableau, KPIs, Python, Power BI, ETL, data cleaning, PyTorch, Tableau, SQL, SQL, Power Query, ETL, A/B testing, DAX, pivot tables, data validation

EXPERIENCE
Senior Data Analyst | CloudPeak | 2022-Present
- Built and maintained dashboards tracking 16 KPIs for 2 stakeholder teams.
- Automated reporting workflows with SQL, saving 6 hours per week.
- Improved data quality by 28% through validation checks and anomaly detection.

EDUCATION
Bachelor of Science | Institute of Technology | 2015",Data Analyst
"Ishita Das
ishitadas56@examplemail.com | (555) 010-0056

SUMMARY
Analytics Associate with 2 years of experience at DataBridge Labs, specializing in data analyst work.

SKILLS
Power BI, SSRS, data cleaning, experimental design, data validation, DAX, reporting, A/B testing, AWS, Power Query, REST APIs, Excel, SQL, Tableau, ETL

EXPERIENCE
Analytics Associate | DataBridge Labs | 2022-Present
- Built and maintained dashboards tracking 24 KPIs for 6 stakeholder teams.
- Automated reporting workflows with Python, saving 15 hours per week.
- Improved data quality by 39% through validation checks and anomaly detection.

EDUCATION
Bachelor of Science | National University | 2016",Data Analyst
"Ananya Singh
ananyasingh57@examplemail.com | (555) 010-0057

SUMMARY
Analytics Associate with 5 years of experience at ApexInsight, specializing in data analyst work.

SKILLS
Power Query, feature stores, KPIs, stakeholder reporting, data validation, statistical analysis, ETL, pandas, data cleaning, reporting, XGBoost, Spark, A/B testing, SQL

EXPERIENCE
Analytics Associate | ApexInsight | 2024-Present
- Built and maintained dashboards tracking 20 KPIs for 3 stakeholder teams.
- Automated reporting workflows with Excel, saving 17 hours per week.
- Improved data quality by 14% through validation checks and anomaly detection.

EDUCATION
Bachelor of Science | Metropolitan College | 2019",Data Analyst
"Divya Patel
divyapatel58@examplemail.com | (555) 010-0058

SUMMARY
Data Analyst with 4 years of experience at ApexInsight, specializing in data analyst work.

SKILLS
statistical analysis, A/B testing, pivot tables, data cleaning, Power Query, NumPy, KPIs, Tableau, Power BI, dbt

EXPERIENCE
Data Analyst | ApexInsight | 2024-Present
- Built and maintained dashboards tracking 22 KPIs for 4 stakeholder teams.
- Automated reporting workflows with Excel, saving 16 hours per week.
- Improved data quality by 31% through validation checks and anomaly detection.

EDUCATION
Bachelor of Science | State University | 2020",Data Analyst
"Neha Joshi
nehajoshi59@examplemail.com | (555) 010-0059

SUMMARY
Data Analyst with 6 years of experience at ApexInsight, specializing in data analyst work.

SKILLS
Tableau, Docker, data validation, data cleaning, Kafka, KPIs, A/B testing, data warehousing, DAX, Power BI, SSRS, deep learning, reporting, Power Query

EXPERIENCE
Data Analyst | ApexInsight | 2021-Present
- Built and maintained dashboards tracking 7 KPIs for 4 stakeholder teams.
- Automated reporting workflows with SQL, saving 13 hours per week.
- Improved data quality by 33% through validation checks and anomaly detection.

EDUCATION
Bachelor of Science | National University | 2015",Data Analyst
"Arjun Joshi
arjunjoshi60@examplemail.com | (555) 010-0060

SUMMARY
Data Scientist with 4 years of experience at BlueOrbit Data, specializing in data scientist work.

SKILLS
feature engineering, statistical modeling, SQL, KPIs, Tableau, data governance, experimental design, hypothesis testing, Python, regression, model evaluation

EXPERIENCE
Data Scientist | BlueOrbit Data | 2020-Present
- Built and maintained dashboards tracking 25 KPIs for 5 stakeholder teams.
- Automated reporting workflows with SQL, saving 11 hours per week.
- Improved data quality by 34% through validation checks and anomaly detection.

EDUCATION
Bachelor of Science | Metropolitan College | 2016",Data Scientist
"Meera Patel
meerapatel61@examplemail.com | (555) 010-0061

SUMMARY
Data Scientist with 3 years of experience at DataBridge Labs, specializing in data scientist work.

SKILLS
feature engineering, pandas, model evaluation, Python, machine learning, SQL, hypothesis testing, regression, statistical modeling, scikit-learn, experimental design, SQL, Docker, R

EXPERIENCE
Data Scientist | DataBridge Labs | 2019-Present
- Built and maintained dashboards tracking 10 KPIs for 5 stakeholder teams.
- Automated reporting workflows with Excel, saving 13 hours per week.
- Improved data quality by 32% through validation checks and anomaly detection.

EDUCATION
Bachelor of Science | Central State Institute | 2014",Data Scientist
"Neha Kulkarni
nehakulkarni62@examplemail.com | (555) 010-0062

SUMMARY
Research Analyst with 3 years of experience at QuantumMetrics, specializing in data scientist work.

SKILLS
experimental design, Power BI, NumPy, reporting, regression, feature engineering, statistical modeling, Kubernetes, Python, model evaluation, machine learning, scikit-learn

EXPERIENCE
Research Analyst | QuantumMetrics | 2023-Present
- Built and maintained dashboards tracking 25 KPIs for 4 stakeholder teams.
- Automated reporting workflows with Excel, saving 12 hours per week.
- Improved data quality by 11% through validation checks and anomaly detection.

EDUCATION
Bachelor of Science | Central State Institute | 2014",Data Scientist
"Aditya Das
adityadas63@examplemail.com | (555) 010-0063

SUMMARY
Research Analyst with 5 years of experience at InsightWorks, specializing in data scientist work.

SKILLS
machine learning, SQL, R, data warehousing, SQL, regression, model evaluation, statistical modeling, Power BI, Kafka, pandas, hypothesis testing, NumPy, SQL, experimental design, scikit-learn, feature engineering

EXPERIENCE
Research Analyst | InsightWorks | 2022-Present
- Built and maintained dashboards tracking 22 KPIs for 3 stakeholder teams.
- Automated reporting workflows with Python, saving 15 hours per week.
- Improved data quality by 37% through validation checks and anomaly detection.

EDUCATION
Bachelor of Science | National University | 2017",Data Scientist
"Sneha Mehta
snehamehta64@examplemail.com | (555) 010-0064

SUMMARY
Data Scientist with 1 years of experience at ApexInsight, specializing in data scientist work.

SKILLS
scikit-learn, model evaluation, statistical modeling, NumPy, hypothesis testing, SQL, experimental design, REST APIs, Python, feature engineering, machine learning, R, pandas, TensorFlow

EXPERIENCE
Data Scientist | ApexInsight | 2023-Present
- Built and maintained dashboards tracking 14 KPIs for 5 stakeholder teams.
- Automated reporting workflows with Python, saving 9 hours per week.
- Improved data quality by 34% through validation checks and anomaly detection.

EDUCATION
Bachelor of Science | National University | 2019",Data Scientist
"Farhan Chandra
farhanchandra65@examplemail.com | (555) 010-0065

SUMMARY
Senior Data Scientist with 2 years of experience at BrightSpark Analytics, specializing in data scientist work.

SKILLS
Airflow, feature engineering, regression, statistical modeling, R, NumPy, experimental design, Python, hypothesis testing, model evaluation, machine learning, Snowflake, KPIs, scikit-learn

EXPERIENCE
Senior Data Scientist | BrightSpark Analytics | 2024-Present
- Built and maintained dashboards tracking 13 KPIs for 3 stakeholder teams.
- Automated reporting workflows with Excel, saving 8 hours per week.
- Improved data quality by 11% through validation checks and anomaly detection.

EDUCATION
Bachelor of Science | National University | 2019",Data Scientist
"Pooja Sharma
poojasharma66@examplemail.com | (555) 010-0066

SUMMARY
Data Scientist with 2 years of experience at CloudPeak, specializing in data scientist work.

SKILLS
stakeholder reporting, Python, NumPy, SQL, KPIs, statistical modeling, regression, SQL, model evaluation, feature stores, pandas, experimental design, Kafka

EXPERIENCE
Data Scientist | CloudPeak | 2020-Present
- Built and maintained dashboards tracking 14 KPIs for 3 stakeholder teams.
- Automated reporting workflows with Excel, saving 12 hours per week.
- Improved data quality by 23% through validation checks and anomaly detection.

EDUCATION
Bachelor of Science | Institute of Technology | 2016",Data Scientist
"Priya Gupta
priyagupta67@examplemail.com | (555) 010-0067

SUMMARY
Senior Data Scientist with 4 years of experience at Nexalytics, specializing in data scientist work.

SKILLS
DAX, Kafka, feature engineering, SQL, regression, Docker, pandas, model evaluation, NumPy, deep learning, scikit-learn, statistical modeling, ETL

EXPERIENCE
Senior Data Scientist | Nexalytics | 2018-Present
- Built and maintained dashboards tracking 12 KPIs for 4 stakeholder teams.
- Automated reporting workflows with Python, saving 15 hours per week.
- Improved data quality by 30% through validation checks and anomaly detection.

EDUCATION
Bachelor of Science | Central State Institute | 2017",Data Scientist
"Ishita Reddy
ishitareddy68@examplemail.com | (555) 010-0068

SUMMARY
Data Scientist with 5 years of experience at BlueOrbit Data, specializing in data scientist work.

SKILLS
scikit-learn, regression, stakeholder reporting, R, experimental design, Python, model deployment, pandas, SQL, Docker, hypothesis testing, feature engineering, Databricks, SQL, model evaluation

EXPERIENCE
Data Scientist | BlueOrbit Data | 2022-Present
- Built and maintained dashboards tracking 25 KPIs for 4 stakeholder teams.
- Automated reporting workflows with SQL, saving 13 hours per week.
- Improved data quality by 21% through validation checks and anomaly detection.

EDUCATION
Bachelor of Science | Institute of Technology | 2017",Data Scientist
"Aditya Iyer
adityaiyer69@examplemail.com | (555) 010-0069

SUMMARY
Data Scientist with 2 years of experience at PrimeSight, specializing in data scientist work.

SKILLS
Python, scikit-learn, regression, ETL, model deployment, Power Query, KPIs, statistical modeling, machine learning, hypothesis testing, pandas, experimental design, NumPy, feature engineering

EXPERIENCE
Data Scientist | PrimeSight | 2022-Present
- Built and maintained dashboards tracking 9 KPIs for 6 stakeholder teams.
- Automated reporting workflows with SQL, saving 10 hours per week.
- Improved data quality by 39% through validation checks and anomaly detection.

EDUCATION
Bachelor of Science | Metropolitan College | 2019",Data Scientist
"Priya Patel
priyapatel70@examplemail.com | (555) 010-0070

SUMMARY
Data Scientist with 5 years of experience at DataBridge Labs, specializing in data scientist work.

SKILLS
experimental design, statistical modeling, hypothesis testing, feature engineering, R, Python, NumPy, SQL, pandas, Tableau, SQL, stakeholder management, model evaluation, SQL, machine learning, Excel

EXPERIENCE
Data Scientist | DataBridge Labs | 2020-Present
- Built and maintained dashboards tracking 9 KPIs for 3 stakeholder teams.
- Automated reporting workflows with Python, saving 13 hours per week.
- Improved data quality by 36% through validation checks and anomaly detection.

EDUCATION
Bachelor of Science | State University | 2016",Data Scientist
"Sanjay Reddy
sanjayreddy71@examplemail.com | (555) 010-0071

SUMMARY
Senior Data Scientist with 3 years of experience at BrightSpark Analytics, specializing in data scientist work.

SKILLS
regression, hypothesis testing, data governance, experimental design, machine learning, statistical modeling, R, SQL, Python, pandas, feature engineering, model evaluation, SQL, NumPy

EXPERIENCE
Senior Data Scientist | BrightSpark Analytics | 2022-Present
- Built and maintained dashboards tracking 6 KPIs for 2 stakeholder teams.
- Automated reporting workflows with Excel, saving 13 hours per week.
- Improved data quality by 38% through validation checks and anomaly detection.

EDUCATION
Bachelor of Science | National University | 2018",Data Scientist
"Lakshmi Patel
lakshmipatel72@examplemail.com | (555) 010-0072

SUMMARY
Data Scientist with 3 years of experience at InsightWorks, specializing in data scientist work.

SKILLS
Python, deep learning, hypothesis testing, NumPy, data quality, R, SQL, experimental design, model evaluation, feature engineering, machine learning, scikit-learn, SQL, model deployment

EXPERIENCE
Data Scientist | InsightWorks | 2020-Present
- Built and maintained dashboards tracking 5 KPIs for 4 stakeholder teams.
- Automated reporting workflows with SQL, saving 20 hours per week.
- Improved data quality by 17% through validation checks and anomaly detection.

EDUCATION
Bachelor of Science | Metropolitan College | 2018",Data Scientist
"Sanjay Chandra
sanjaychandra73@examplemail.com | (555) 010-0073

SUMMARY
Research Analyst with 1 years of experience at InsightWorks, specializing in data scientist work.

SKILLS
model evaluation, pivot tables, R, statistical analysis, Kubernetes, machine learning, statistical modeling, SQL, scikit-learn, hypothesis testing, experimental design, SQL, XGBoost, NumPy, pandas, regression

EXPERIENCE
Research Analyst | InsightWorks | 2021-Present
- Built and maintained dashboards tracking 16 KPIs for 6 stakeholder teams.
- Automated reporting workflows with Python, saving 15 hours per week.
- Improved data quality by 37% through validation checks and anomaly detection.

EDUCATION
Bachelor of Science | Central State Institute | 2014",Data Scientist
"Meera Chandra
meerachandra74@examplemail.com | (555) 010-0074

SUMMARY
Research Analyst with 2 years of experience at Nexalytics, specializing in data scientist work.

SKILLS
NumPy, statistical modeling, feature engineering, data cleaning, machine learning, regression, hypothesis testing, Python, model evaluation, experimental design, pandas, Spark, R, scikit-learn

EXPERIENCE
Research Analyst | Nexalytics | 2022-Present
- Built and maintained dashboards tracking 14 KPIs for 2 stakeholder teams.
- Automated reporting workflows with SQL, saving 15 hours per week.
- Improved data quality by 36% through validation checks and anomaly detection.

EDUCATION
Bachelor of Science | State University | 2017",Data Scientist
"Rohit Bose
rohitbose75@examplemail.com | (555) 010-0075

SUMMARY
Research Analyst with 4 years of experience at BrightSpark Analytics, specializing in data scientist work.

SKILLS
feature engineering, PyTorch, R, NumPy, machine learning, statistical modeling, model evaluation, regression, experimental design, scikit-learn, hypothesis testing, pandas, SQL, Kubernetes, deep learning

EXPERIENCE
Research Analyst | BrightSpark Analytics | 2024-Present
- Built and maintained dashboards tracking 30 KPIs for 4 stakeholder teams.
- Automated reporting workflows with Excel, saving 7 hours per week.
- Improved data quality by 36% through validation checks and anomaly detection.

EDUCATION
Bachelor of Science | National University | 2020",Data Scientist
"Pooja Agarwal
poojaagarwal76@examplemail.com | (555) 010-0076

SUMMARY
Data Scientist with 5 years of experience at InsightWorks, specializing in data scientist work.

SKILLS
statistical modeling, feature engineering, R, XGBoost, scikit-learn, hypothesis testing, pandas, SQL, Power BI, machine learning, SQL, regression, experimental design, AWS, SQL

EXPERIENCE
Data Scientist | InsightWorks | 2018-Present
- Built and maintained dashboards tracking 25 KPIs for 5 stakeholder teams.
- Automated reporting workflows with SQL, saving 18 hours per week.
- Improved data quality by 13% through validation checks and anomaly detection.

EDUCATION
Bachelor of Science | Metropolitan College | 2014",Data Scientist
"Karan Nair
karannair77@examplemail.com | (555) 010-0077

SUMMARY
Research Analyst with 1 years of experience at BlueOrbit Data, specializing in data scientist work.

SKILLS
CI/CD, experimental design, feature engineering, statistical modeling, SQL, pivot tables, model evaluation, R, MLflow, statistical analysis, hypothesis testing, pandas, NumPy, scikit-learn, A/B testing, Python, regression

EXPERIENCE
Research Analyst | BlueOrbit Data | 2018-Present
- Built and maintained dashboards tracking 30 KPIs for 2 stakeholder teams.
- Automated reporting workflows with Python, saving 15 hours per week.
- Improved data quality by 30% through validation checks and anomaly detection.

EDUCATION
Bachelor of Science | Central State Institute | 2019",Data Scientist
"Ananya Nair
ananyanair78@examplemail.com | (555) 010-0078

SUMMARY
Research Analyst with 3 years of experience at BlueOrbit Data, specializing in data scientist work.

SKILLS
dbt, ETL, feature engineering, statistical modeling, experimental design, scikit-learn, NumPy, schema design, regression, Excel, SQL, REST APIs, R, pandas

EXPERIENCE
Research Analyst | BlueOrbit Data | 2023-Present
- Built and maintained dashboards tracking 15 KPIs for 3 stakeholder teams.
- Automated reporting workflows with SQL, saving 8 hours per week.
- Improved data quality by 18% through validation checks and anomaly detection.

EDUCATION
Bachelor of Science | Institute of Technology | 2020",Data Scientist
"Kavya Kulkarni
kavyakulkarni79@examplemail.com | (555) 010-0079

SUMMARY
Research Analyst with 4 years of experience at ApexInsight, specializing in data scientist work.

SKILLS
Python, experimental design, hypothesis testing, SQL, A/B testing, Python, feature engineering, scikit-learn, NumPy, Kubernetes, machine learning, regression, R, pandas

EXPERIENCE
Research Analyst | ApexInsight | 2019-Present
- Built and maintained dashboards tracking 25 KPIs for 6 stakeholder teams.
- Automated reporting workflows with Excel, saving 10 hours per week.
- Improved data quality by 27% through validation checks and anomaly detection.

EDUCATION
Bachelor of Science | National University | 2017",Data Scientist
"Meera Khan
meerakhan80@examplemail.com | (555) 010-0080

SUMMARY
Senior Data Scientist with 5 years of experience at InsightWorks, specializing in data scientist work.

SKILLS
scikit-learn, R, data cleaning, statistical modeling, experimental design, hypothesis testing, regression, model evaluation, Snowflake, NumPy, Tableau, machine learning, pandas, feature stores, Spark, Python, SQL

EXPERIENCE
Senior Data Scientist | InsightWorks | 2024-Present
- Built and maintained dashboards tracking 8 KPIs for 4 stakeholder teams.
- Automated reporting workflows with Excel, saving 16 hours per week.
- Improved data quality by 27% through validation checks and anomaly detection.

EDUCATION
Bachelor of Science | Metropolitan College | 2020",Data Scientist
"Priya Bose
priyabose81@examplemail.com | (555) 010-0081

SUMMARY
Senior Data Scientist with 2 years of experience at BlueOrbit Data, specializing in data scientist work.

SKILLS
model evaluation, Databricks, scikit-learn, statistical modeling, Python, pandas, machine learning, feature stores, hypothesis testing, feature engineering

EXPERIENCE
Senior Data Scientist | BlueOrbit Data | 2018-Present
- Built and maintained dashboards tracking 24 KPIs for 3 stakeholder teams.
- Automated reporting workflows with Python, saving 11 hours per week.
- Improved data quality by 35% through validation checks and anomaly detection.

EDUCATION
Bachelor of Science | Institute of Technology | 2018",Data Scientist
"Ishita Joshi
ishitajoshi82@examplemail.com | (555) 010-0082

SUMMARY
Data Scientist with 1 years of experience at ApexInsight, specializing in data scientist work.

SKILLS
model evaluation, SQL, Python, machine learning, Databricks, feature engineering, hypothesis testing, statistical modeling, pandas, reporting, R, SQL, experimental design

EXPERIENCE
Data Scientist | ApexInsight | 2020-Present
- Built and maintained dashboards tracking 25 KPIs for 2 stakeholder teams.
- Automated reporting workflows with SQL, saving 13 hours per week.
- Improved data quality by 32% through validation checks and anomaly detection.

EDUCATION
Bachelor of Science | Central State Institute | 2017",Data Scientist
"Kavya Kulkarni
kavyakulkarni83@examplemail.com | (555) 010-0083

SUMMARY
Research Analyst with 6 years of experience at ApexInsight, specializing in data scientist work.

SKILLS
pandas, NumPy, PyTorch, model evaluation, statistical modeling, regression, Kubernetes, feature engineering, Tableau, scikit-learn, R

EXPERIENCE
Research Analyst | ApexInsight | 2024-Present
- Built and maintained dashboards tracking 30 KPIs for 5 stakeholder teams.
- Automated reporting workflows with Python, saving 8 hours per week.
- Improved data quality by 39% through validation checks and anomaly detection.

EDUCATION
Bachelor of Science | State University | 2015",Data Scientist
"Aditya Bose
adityabose84@examplemail.com | (555) 010-0084

SUMMARY
Data Scientist with 5 years of experience at TechNova Solutions, specializing in data scientist work.

SKILLS
regression, machine learning, data governance, Tableau, REST APIs, Python, feature engineering, scikit-learn, hypothesis testing, SQL, model evaluation, R

EXPERIENCE
Data Scientist | TechNova Solutions | 2020-Present
- Built and maintained dashboards tracking 26 KPIs for 5 stakeholder teams.
- Automated reporting workflows with Python, saving 5 hours per week.
- Improved data quality by 32% through validation checks and anomaly detection.

EDUCATION
Bachelor of Science | National University | 2020",Data Scientist
"Sneha Chandra
snehachandra85@examplemail.com | (555) 010-0085

SUMMARY
Data Scientist with 2 years of experience at InsightWorks, specializing in data scientist work.

SKILLS
Python, NumPy, machine learning, regression, ETL, experimental design, feature engineering, model evaluation, scikit-learn, business requirements, statistical modeling, R

EXPERIENCE
Data Scientist | InsightWorks | 2023-Present
- Built and maintained dashboards tracking 7 KPIs for 2 stakeholder teams.
- Automated reporting workflows with Python, saving 8 hours per week.
- Improved data quality by 28% through validation checks and anomaly detection.

EDUCATION
Bachelor of Science | National University | 2017",Data Scientist
"Ishita Chandra
ishitachandra86@examplemail.com | (555) 010-0086

SUMMARY
Data Scientist with 3 years of experience at BrightSpark Analytics, specializing in data scientist work.

SKILLS
machine learning, Python, statistical modeling, REST APIs, hypothesis testing, MLflow, model evaluation, R, scikit-learn, regression, NumPy, feature engineering, dbt

EXPERIENCE
Data Scientist | BrightSpark Analytics | 2022-Present
- Built and maintained dashboards tracking 15 KPIs for 3 stakeholder teams.
- Automated reporting workflows with SQL, saving 18 hours per week.
- Improved data quality by 21% through validation checks and anomaly detection.

EDUCATION
Bachelor of Science | Institute of Technology | 2019",Data Scientist
"Ananya Agarwal
ananyaagarwal87@examplemail.com | (555) 010-0087

SUMMARY
Research Analyst with 4 years of experience at DataBridge Labs, specializing in data scientist work.

SKILLS
model evaluation, SQL, scikit-learn, machine learning, pivot tables, Python, REST APIs, hypothesis testing, experimental design, statistical modeling, SQL, data governance, Spark

EXPERIENCE
Research Analyst | DataBridge Labs | 2024-Present
- Built and maintained dashboards tracking 23 KPIs for 2 stakeholder teams.
- Automated reporting workflows with SQL, saving 18 hours per week.
- Improved data quality by 33% through validation checks and anomaly detection.

EDUCATION
Bachelor of Science | State University | 2015",Data Scientist
"Priya Nair
priyanair88@examplemail.com | (555) 010-0088

SUMMARY
Data Scientist with 4 years of experience at DataBridge Labs, specializing in data scientist work.

SKILLS
statistical modeling, regression, scikit-learn, Airflow, DAX, hypothesis testing, feature engineering, AWS, experimental design, SQL, machine learning, MLOps, data warehousing, R, Python, pandas

EXPERIENCE
Data Scientist | DataBridge Labs | 2024-Present
- Built and maintained dashboards tracking 19 KPIs for 6 stakeholder teams.
- Automated reporting workflows with SQL, saving 6 hours per week.
- Improved data quality by 25% through validation checks and anomaly detection.

EDUCATION
Bachelor of Science | National University | 2018",Data Scientist
"Ananya Verma
ananyaverma89@examplemail.com | (555) 010-0089

SUMMARY
Data Scientist with 4 years of experience at InsightWorks, specializing in data scientist work.

SKILLS
data warehousing, R, Power BI, SQL, ETL, regression, feature engineering, hypothesis testing, model evaluation, NumPy, ETL, machine learning, pandas, statistical modeling, Python, scikit-learn, DAX

EXPERIENCE
Data Scientist | InsightWorks | 2018-Present
- Built and maintained dashboards tracking 7 KPIs for 5 stakeholder teams.
- Automated reporting workflows with SQL, saving 14 hours per week.
- Improved data quality by 20% through validation checks and anomaly detection.

EDUCATION
Bachelor of Science | Metropolitan College | 2018",Data Scientist
"Aditya Sharma
adityasharma90@examplemail.com | (555) 010-0090

SUMMARY
Senior Data Scientist with 1 years of experience at BrightSpark Analytics, specializing in data scientist work.

SKILLS
KPIs, regression, experimental design, scikit-learn, SQL, machine learning, feature engineering, R, statistical modeling, hypothesis testing, pandas, model evaluation, MLOps, Excel, data governance, Python, SQL

EXPERIENCE
Senior Data Scientist | BrightSpark Analytics | 2020-Present
- Built and maintained dashboards tracking 6 KPIs for 3 stakeholder teams.
- Automated reporting workflows with Excel, saving 18 hours per week.
- Improved data quality by 32% through validation checks and anomaly detection.

EDUCATION
Bachelor of Science | Institute of Technology | 2017",Data Scientist
"Neha Reddy
nehareddy91@examplemail.com | (555) 010-0091

SUMMARY
Research Analyst with 2 years of experience at ApexInsight, specializing in data scientist work.

SKILLS
experimental design, TensorFlow, R, pandas, GCP, feature engineering, scikit-learn, Python, SQL, ETL, model evaluation, Kubernetes, regression

EXPERIENCE
Research Analyst | ApexInsight | 2021-Present
- Built and maintained dashboards tracking 8 KPIs for 3 stakeholder teams.
- Automated reporting workflows with SQL, saving 19 hours per week.
- Improved data quality by 20% through validation checks and anomaly detection.

EDUCATION
Bachelor of Science | State University | 2014",Data Scientist
"Ritu Verma
rituverma92@examplemail.com | (555) 010-0092

SUMMARY
Senior Data Scientist with 1 years of experience at CloudPeak, specializing in data scientist work.

SKILLS
pandas, Python, scikit-learn, R, REST APIs, machine learning, experimental design, feature engineering, Looker, model evaluation, MLOps, SQL, regression, hypothesis testing

EXPERIENCE
Senior Data Scientist | CloudPeak | 2024-Present
- Built and maintained dashboards tracking 30 KPIs for 3 stakeholder teams.
- Automated reporting workflows with Python, saving 5 hours per week.
- Improved data quality by 11% through validation checks and anomaly detection.

EDUCATION
Bachelor of Science | National University | 2020",Data Scientist
"Divya Khan
divyakhan93@examplemail.com | (555) 010-0093

SUMMARY
Senior Data Scientist with 4 years of experience at CloudPeak, specializing in data scientist work.

SKILLS
hypothesis testing, GCP, pandas, data quality, R, Python, pivot tables, reporting, regression, experimental design, SQL, model evaluation, ETL

EXPERIENCE
Senior Data Scientist | CloudPeak | 2019-Present
- Built and maintained dashboards tracking 26 KPIs for 5 stakeholder teams.
- Automated reporting workflows with Python, saving 16 hours per week.
- Improved data quality by 16% through validation checks and anomaly detection.

EDUCATION
Bachelor of Science | National University | 2016",Data Scientist
"Karan Bose
karanbose94@examplemail.com | (555) 010-0094

SUMMARY
Research Analyst with 3 years of experience at InsightWorks, specializing in data scientist work.

SKILLS
NumPy, statistical modeling, pandas, machine learning, feature engineering, scikit-learn, model evaluation, SQL, experimental design, Power Query, R, hypothesis testing, Python, CI/CD, business requirements

EXPERIENCE
Research Analyst | InsightWorks | 2019-Present
- Built and maintained dashboards tracking 23 KPIs for 6 stakeholder teams.
- Automated reporting workflows with SQL, saving 17 hours per week.
- Improved data quality by 18% through validation checks and anomaly detection.

EDUCATION
Bachelor of Science | State University | 2014",Data Scientist
"Rohit Nair
rohitnair95@examplemail.com | (555) 010-0095

SUMMARY
Data Scientist with 5 years of experience at TechNova Solutions, specializing in data scientist work.

SKILLS
model evaluation, regression, Kafka, NumPy, feature engineering, scikit-learn, machine learning, statistical modeling, KPIs, experimental design, R, pandas, SQL

EXPERIENCE
Data Scientist | TechNova Solutions | 2024-Present
- Built and maintained dashboards tracking 23 KPIs for 3 stakeholder teams.
- Automated reporting workflows with Excel, saving 11 hours per week.
- Improved data quality by 36% through validation checks and anomaly detection.

EDUCATION
Bachelor of Science | Metropolitan College | 2017",Data Scientist
"Ritu Das
ritudas96@examplemail.com | (555) 010-0096

SUMMARY
Data Scientist with 1 years of experience at InsightWorks, specializing in data scientist work.

SKILLS
model evaluation, reporting, model deployment, machine learning, NumPy, SQL, statistical modeling, GCP, Python, pandas, experimental design

EXPERIENCE
Data Scientist | InsightWorks | 2020-Present
- Built and maintained dashboards tracking 16 KPIs for 5 stakeholder teams.
- Automated reporting workflows with Excel, saving 8 hours per week.
- Improved data quality by 20% through validation checks and anomaly detection.

EDUCATION
Bachelor of Science | National University | 2016",Data Scientist
"Vikram Gupta
vikramgupta97@examplemail.com | (555) 010-0097

SUMMARY
Research Analyst with 4 years of experience at Nexalytics, specializing in data scientist work.

SKILLS
experimental design, R, statistical modeling, model evaluation, Airflow, hypothesis testing, regression, reporting, MLflow, feature engineering, pandas, machine learning, SQL, NumPy

EXPERIENCE
Research Analyst | Nexalytics | 2020-Present
- Built and maintained dashboards tracking 9 KPIs for 4 stakeholder teams.
- Automated reporting workflows with Excel, saving 7 hours per week.
- Improved data quality by 17% through validation checks and anomaly detection.

EDUCATION
Bachelor of Science | National University | 2016",Data Scientist
"Ananya Reddy
ananyareddy98@examplemail.com | (555) 010-0098

SUMMARY
Data Scientist with 3 years of experience at BrightSpark Analytics, specializing in data scientist work.

SKILLS
R, data cleaning, Airflow, hypothesis testing, statistical modeling, CI/CD, model evaluation, regression, Python, SQL, schema design, scikit-learn, feature engineering, experimental design, Tableau

EXPERIENCE
Data Scientist | BrightSpark Analytics | 2021-Present
- Built and maintained dashboards tracking 13 KPIs for 2 stakeholder teams.
- Automated reporting workflows with Python, saving 15 hours per week.
- Improved data quality by 15% through validation checks and anomaly detection.

EDUCATION
Bachelor of Science | National University | 2015",Data Scientist
"Neha Reddy
nehareddy99@examplemail.com | (555) 010-0099

SUMMARY
Senior Data Scientist with 6 years of experience at BlueOrbit Data, specializing in data scientist work.

SKILLS
SQL, data warehousing, machine learning, Airflow, statistical modeling, hypothesis testing, SQL, Python, feature engineering, regression, SQL, R, experimental design, pandas, scikit-learn, TensorFlow, NumPy

EXPERIENCE
Senior Data Scientist | BlueOrbit Data | 2018-Present
- Built and maintained dashboards tracking 25 KPIs for 6 stakeholder teams.
- Automated reporting workflows with SQL, saving 11 hours per week.
- Improved data quality by 13% through validation checks and anomaly detection.

EDUCATION
Bachelor of Science | State University | 2015",Data Scientist
"Ananya Das
ananyadas100@examplemail.com | (555) 010-0100

SUMMARY
Data Scientist with 1 years of experience at DataBridge Labs, specializing in data scientist work.

SKILLS
scikit-learn, R, experimental design, XGBoost, statistical modeling, pandas, regression, feature engineering, deep learning, schema design, DAX, hypothesis testing, SQL, NumPy

EXPERIENCE
Data Scientist | DataBridge Labs | 2022-Present
- Built and maintained dashboards tracking 26 KPIs for 4 stakeholder teams.
- Automated reporting workflows with Excel, saving 18 hours per week.
- Improved data quality by 34% through validation checks and anomaly detection.

EDUCATION
Bachelor of Science | National University | 2015",Data Scientist
"Ritu Patel
ritupatel101@examplemail.com | (555) 010-0101

SUMMARY
Senior Data Scientist with 1 years of experience at Nexalytics, specializing in data scientist work.

SKILLS
NumPy, data cleaning, scikit-learn, hypothesis testing, SQL, model evaluation, R, stakeholder reporting, GCP, regression, pandas, Python, feature engineering, experimental design, statistical modeling

EXPERIENCE
Senior Data Scientist | Nexalytics | 2020-Present
- Built and maintained dashboards tracking 17 KPIs for 6 stakeholder teams.
- Automated reporting workflows with SQL, saving 15 hours per week.
- Improved data quality by 37% through validation checks and anomaly detection.

EDUCATION
Bachelor of Science | Central State Institute | 2018",Data Scientist
"Aditya Sharma
adityasharma102@examplemail.com | (555) 010-0102

SUMMARY
Research Analyst with 3 years of experience at ApexInsight, specializing in data scientist work.

SKILLS
pandas, NumPy, Tableau, scikit-learn, experimental design, feature engineering, business requirements, dimensional modeling, deep learning, hypothesis testing, SQL, machine learning, R, Python, model evaluation

EXPERIENCE
Research Analyst | ApexInsight | 2020-Present
- Built and maintained dashboards tracking 16 KPIs for 2 stakeholder teams.
- Automated reporting workflows with SQL, saving 14 hours per week.
- Improved data quality by 19% through validation checks and anomaly detection.

EDUCATION
Bachelor of Science | Central State Institute | 2020",Data Scientist
"Kavya Iyer
kavyaiyer103@examplemail.com | (555) 010-0103

SUMMARY
Senior Data Scientist with 4 years of experience at CloudPeak, specializing in data scientist work.

SKILLS
Tableau, machine learning, scikit-learn, NumPy, statistical modeling, feature engineering, Looker, SQL, AWS, pandas, experimental design, data warehousing, R, regression, hypothesis testing

EXPERIENCE
Senior Data Scientist | CloudPeak | 2020-Present
- Built and maintained dashboards tracking 6 KPIs for 4 stakeholder teams.
- Automated reporting workflows with Excel, saving 11 hours per week.
- Improved data quality by 18% through validation checks and anomaly detection.

EDUCATION
Bachelor of Science | Institute of Technology | 2020",Data Scientist
"Aditya Singh
adityasingh104@examplemail.com | (555) 010-0104

SUMMARY
Data Scientist with 4 years of experience at DataBridge Labs, specializing in data scientist work.

SKILLS
experimental design, model evaluation, SQL, pandas, R, scikit-learn, regression, feature engineering, Tableau, Excel, deep learning, machine learning, Python, data cleaning

EXPERIENCE
Data Scientist | DataBridge Labs | 2020-Present
- Built and maintained dashboards tracking 9 KPIs for 3 stakeholder teams.
- Automated reporting workflows with Excel, saving 5 hours per week.
- Improved data quality by 17% through validation checks and anomaly detection.

EDUCATION
Bachelor of Science | State University | 2018",Data Scientist
"Meera Joshi
meerajoshi105@examplemail.com | (555) 010-0105

SUMMARY
Senior Data Scientist with 6 years of experience at Nexalytics, specializing in data scientist work.

SKILLS
pandas, SQL, hypothesis testing, Docker, Python, experimental design, Power BI, regression, machine learning, Python, statistical analysis, model evaluation, NumPy, scikit-learn, statistical modeling

EXPERIENCE
Senior Data Scientist | Nexalytics | 2021-Present
- Built and maintained dashboards tracking 15 KPIs for 3 stakeholder teams.
- Automated reporting workflows with Excel, saving 5 hours per week.
- Improved data quality by 30% through validation checks and anomaly detection.

EDUCATION
Bachelor of Science | National University | 2016",Data Scientist
"Karan Chandra
karanchandra106@examplemail.com | (555) 010-0106

SUMMARY
Research Analyst with 6 years of experience at Nexalytics, specializing in data scientist work.

SKILLS
experimental design, NumPy, Docker, feature engineering, MLOps, hypothesis testing, statistical modeling, model evaluation, regression, ETL, stakeholder management, Looker, SQL

EXPERIENCE
Research Analyst | Nexalytics | 2024-Present
- Built and maintained dashboards tracking 7 KPIs for 3 stakeholder teams.
- Automated reporting workflows with SQL, saving 12 hours per week.
- Improved data quality by 33% through validation checks and anomaly detection.

EDUCATION
Bachelor of Science | National University | 2016",Data Scientist
"Pooja Kulkarni
poojakulkarni107@examplemail.com | (555) 010-0107

SUMMARY
Research Analyst with 6 years of experience at BrightSpark Analytics, specializing in data scientist work.

SKILLS
Tableau, statistical modeling, model evaluation, pandas, R, CI/CD, experimental design, Databricks, hypothesis testing, NumPy, feature engineering, Python, ETL, SQL

EXPERIENCE
Research Analyst | BrightSpark Analytics | 2021-Present
- Built and maintained dashboards tracking 10 KPIs for 4 stakeholder teams.
- Automated reporting workflows with Excel, saving 6 hours per week.
- Improved data quality by 10% through validation checks and anomaly detection.

EDUCATION
Bachelor of Science | Metropolitan College | 2016",Data Scientist
"Arjun Gupta
arjungupta108@examplemail.com | (555) 010-0108

SUMMARY
Senior Data Scientist with 6 years of experience at ApexInsight, specializing in data scientist work.

SKILLS
Power BI, SQL, statistical modeling, pandas, experimental design, model evaluation, scikit-learn, machine learning, NumPy, feature engineering

EXPERIENCE
Senior Data Scientist | ApexInsight | 2019-Present
- Built and maintained dashboards tracking 28 KPIs for 3 stakeholder teams.
- Automated reporting workflows with Python, saving 16 hours per week.
- Improved data quality by 19% through validation checks and anomaly detection.

EDUCATION
Bachelor of Science | Institute of Technology | 2014",Data Scientist
"Sanjay Das
sanjaydas109@examplemail.com | (555) 010-0109

SUMMARY
Data Scientist with 5 years of experience at InsightWorks, specializing in data scientist work.

SKILLS
feature engineering, pandas, regression, machine learning, GCP, model evaluation, R, MLOps, data cleaning, Kafka, NumPy, Power Query, experimental design, hypothesis testing, statistical modeling

EXPERIENCE
Data Scientist | InsightWorks | 2018-Present
- Built and maintained dashboards tracking 24 KPIs for 2 stakeholder teams.
- Automated reporting workflows with Excel, saving 6 hours per week.
- Improved data quality by 31% through validation checks and anomaly detection.

EDUCATION
Bachelor of Science | State University | 2019",Data Scientist
"Aarav Patel
aaravpatel110@examplemail.com | (555) 010-0110

SUMMARY
Senior Data Scientist with 1 years of experience at DataBridge Labs, specializing in data scientist work.

SKILLS
SQL, pandas, scikit-learn, R, Python, statistical modeling, DAX, NumPy, regression, hypothesis testing, stakeholder management, model evaluation, machine learning

EXPERIENCE
Senior Data Scientist | DataBridge Labs | 2020-Present
- Built and maintained dashboards tracking 20 KPIs for 3 stakeholder teams.
- Automated reporting workflows with Excel, saving 11 hours per week.
- Improved data quality by 34% through validation checks and anomaly detection.

EDUCATION
Bachelor of Science | National University | 2020",Data Scientist
"Nikhil Mehta
nikhilmehta111@examplemail.com | (555) 010-0111

SUMMARY
Senior Data Scientist with 4 years of experience at BrightSpark Analytics, specializing in data scientist work.

SKILLS
model evaluation, statistical modeling, Snowflake, regression, Python, feature engineering, R, NumPy, pandas, SQL, A/B testing

EXPERIENCE
Senior Data Scientist | BrightSpark Analytics | 2024-Present
- Built and maintained dashboards tracking 14 KPIs for 4 stakeholder teams.
- Automated reporting workflows with SQL, saving 6 hours per week.
- Improved data quality by 13% through validation checks and anomaly detection.

EDUCATION
Bachelor of Science | National University | 2015",Data Scientist
"Priya Das
priyadas112@examplemail.com | (555) 010-0112

SUMMARY
Senior Data Scientist with 1 years of experience at BrightSpark Analytics, specializing in data scientist work.

SKILLS
XGBoost, R, Airflow, experimental design, statistical modeling, pivot tables, machine learning, schema design, NumPy, Python, model evaluation, regression

EXPERIENCE
Senior Data Scientist | BrightSpark Analytics | 2022-Present
- Built and maintained dashboards tracking 9 KPIs for 2 stakeholder teams.
- Automated reporting workflows with Python, saving 8 hours per week.
- Improved data quality by 23% through validation checks and anomaly detection.

EDUCATION
Bachelor of Science | Metropolitan College | 2017",Data Scientist
"Varun Bose
varunbose113@examplemail.com | (555) 010-0113

SUMMARY
Senior Data Scientist with 4 years of experience at InsightWorks, specializing in data scientist work.

SKILLS
feature engineering, scikit-learn, Python, TensorFlow, statistical modeling, model evaluation, pandas, business requirements, machine learning, regression, experimental design, NumPy

EXPERIENCE
Senior Data Scientist | InsightWorks | 2023-Present
- Built and maintained dashboards tracking 16 KPIs for 5 stakeholder teams.
- Automated reporting workflows with Python, saving 6 hours per week.
- Improved data quality by 10% through validation checks and anomaly detection.

EDUCATION
Bachelor of Science | Central State Institute | 2015",Data Scientist
"Nikhil Agarwal
nikhilagarwal114@examplemail.com | (555) 010-0114

SUMMARY
Data Scientist with 4 years of experience at PrimeSight, specializing in data scientist work.

SKILLS
experimental design, A/B testing of models, Python, model evaluation, hypothesis testing, regression, SQL, pandas, NumPy, statistical modeling, feature engineering, scikit-learn, feature stores

EXPERIENCE
Data Scientist | PrimeSight | 2018-Present
- Built and maintained dashboards tracking 6 KPIs for 6 stakeholder teams.
- Automated reporting workflows with Excel, saving 5 hours per week.
- Improved data quality by 36% through validation checks and anomaly detection.

EDUCATION
Bachelor of Science | Institute of Technology | 2020",Data Scientist
"Anika Das
anikadas115@examplemail.com | (555) 010-0115

SUMMARY
Data Scientist with 6 years of experience at BlueOrbit Data, specializing in data scientist work.

SKILLS
Python, NumPy, statistical analysis, SQL, hypothesis testing, Spark, scikit-learn, experimental design, pandas, A/B testing, model evaluation, regression, statistical modeling, machine learning, feature stores

EXPERIENCE
Data Scientist | BlueOrbit Data | 2019-Present
- Built and maintained dashboards tracking 28 KPIs for 5 stakeholder teams.
- Automated reporting workflows with Python, saving 13 hours per week.
- Improved data quality by 29% through validation checks and anomaly detection.

EDUCATION
Bachelor of Science | Central State Institute | 2015",Data Scientist
"Sneha Singh
snehasingh116@examplemail.com | (555) 010-0116

SUMMARY
Data Scientist with 4 years of experience at CloudPeak, specializing in data scientist work.

SKILLS
Tableau, scikit-learn, pandas, DAX, SQL, experimental design, R, SQL, dbt, Python, hypothesis testing, regression, NumPy, statistical modeling, data warehousing

EXPERIENCE
Data Scientist | CloudPeak | 2020-Present
- Built and maintained dashboards tracking 24 KPIs for 3 stakeholder teams.
- Automated reporting workflows with SQL, saving 17 hours per week.
- Improved data quality by 40% through validation checks and anomaly detection.

EDUCATION
Bachelor of Science | National University | 2016",Data Scientist
"Aditya Khan
adityakhan117@examplemail.com | (555) 010-0117

SUMMARY
Research Analyst with 5 years of experience at InsightWorks, specializing in data scientist work.

SKILLS
business requirements, hypothesis testing, machine learning, NumPy, regression, R, feature engineering, scikit-learn, Spark, model evaluation, statistical modeling, pandas, experimental design, DAX, SQL

EXPERIENCE
Research Analyst | InsightWorks | 2023-Present
- Built and maintained dashboards tracking 8 KPIs for 2 stakeholder teams.
- Automated reporting workflows with SQL, saving 9 hours per week.
- Improved data quality by 11% through validation checks and anomaly detection.

EDUCATION
Bachelor of Science | National University | 2014",Data Scientist
"Arjun Joshi
arjunjoshi118@examplemail.com | (555) 010-0118

SUMMARY
Research Analyst with 2 years of experience at InsightWorks, specializing in data scientist work.

SKILLS
statistical modeling, Python, pandas, hypothesis testing, experimental design, GCP, SQL, model evaluation, R, AWS, SQL, machine learning, Python, Looker, NumPy

EXPERIENCE
Research Analyst | InsightWorks | 2023-Present
- Built and maintained dashboards tracking 25 KPIs for 4 stakeholder teams.
- Automated reporting workflows with Excel, saving 11 hours per week.
- Improved data quality by 34% through validation checks and anomaly detection.

EDUCATION
Bachelor of Science | Metropolitan College | 2015",Data Scientist
"Meera Bose
meerabose119@examplemail.com | (555) 010-0119

SUMMARY
Data Scientist with 4 years of experience at InsightWorks, specializing in data scientist work.

SKILLS
scikit-learn, data cleaning, ETL, machine learning, pandas, NumPy, SSRS, R, hypothesis testing, experimental design, model evaluation, Python

EXPERIENCE
Data Scientist | InsightWorks | 2024-Present
- Built and maintained dashboards tracking 30 KPIs for 6 stakeholder teams.
- Automated reporting workflows with Excel, saving 16 hours per week.
- Improved data quality by 12% through validation checks and anomaly detection.

EDUCATION
Bachelor of Science | State University | 2019",Data Scientist
"Rohit Nair
rohitnair120@examplemail.com | (555) 010-0120

SUMMARY
Machine Learning Engineer with 4 years of experience at InsightWorks, specializing in machine learning engineer work.

SKILLS
XGBoost, Spark, Docker, Kubernetes, feature stores, AWS, CI/CD, MLflow, TensorFlow, model deployment, PyTorch, A/B testing of models, statistical modeling, stakeholder reporting, deep learning, business requirements

EXPERIENCE
Machine Learning Engineer | InsightWorks | 2023-Present
- Built and maintained dashboards tracking 30 KPIs for 2 stakeholder teams.
- Automated reporting workflows with SQL, saving 13 hours per week.
- Improved data quality by 27% through validation checks and anomaly detection.

EDUCATION
Bachelor of Science | Central State Institute | 2016",Machine Learning Engineer
"Aarav Verma
aaravverma121@examplemail.com | (555) 010-0121

SUMMARY
ML Engineer with 1 years of experience at BlueOrbit Data, specializing in machine learning engineer work.

SKILLS
MLOps, XGBoost, REST APIs, Python, feature stores, Kubernetes, deep learning, Docker, TensorFlow, data validation, stakeholder management, Spark, MLflow

EXPERIENCE
ML Engineer | BlueOrbit Data | 2018-Present
- Built and maintained dashboards tracking 19 KPIs for 4 stakeholder teams.
- Automated reporting workflows with Python, saving 7 hours per week.
- Improved data quality by 12% through validation checks and anomaly detection.

EDUCATION
Bachelor of Science | Central State Institute | 2015",Machine Learning Engineer
"Karan Reddy
karanreddy122@examplemail.com | (555) 010-0122

SUMMARY
ML Engineer with 3 years of experience at ApexInsight, specializing in machine learning engineer work.

SKILLS
deep learning, Spark, A/B testing of models, Python, REST APIs, Docker, CI/CD, Kubernetes, Python, model deployment, Kafka, MLOps, XGBoost

EXPERIENCE
ML Engineer | ApexInsight | 2023-Present
- Built and maintained dashboards tracking 29 KPIs for 5 stakeholder teams.
- Automated reporting workflows with SQL, saving 17 hours per week.
- Improved data quality by 36% through validation checks and anomaly detection.

EDUCATION
Bachelor of Science | Institute of Technology | 2014",Machine Learning Engineer
"Kavya Gupta
kavyagupta123@examplemail.com | (555) 010-0123

SUMMARY
Machine Learning Engineer with 2 years of experience at BlueOrbit Data, specializing in machine learning engineer work.

SKILLS
Kubernetes, Spark, Docker, A/B testing, XGBoost, PyTorch, Power BI, REST APIs, A/B testing of models, MLOps, Python, CI/CD, SQL, feature stores

EXPERIENCE
Machine Learning Engineer | BlueOrbit Data | 2018-Present
- Built and maintained dashboards tracking 10 KPIs for 3 stakeholder teams.
- Automated reporting workflows with Excel, saving 13 hours per week.
- Improved data quality by 16% through validation checks and anomaly detection.

EDUCATION
Bachelor of Science | Institute of Technology | 2015",Machine Learning Engineer
"Lakshmi Patel
lakshmipatel124@examplemail.com | (555) 010-0124

SUMMARY
Applied ML Engineer with 2 years of experience at BlueOrbit Data, specializing in machine learning engineer work.

SKILLS
TensorFlow, statistical modeling, MLflow, REST APIs, business requirements, model deployment, PyTorch, feature stores, Spark, deep learning, MLOps, CI/CD, A/B testing of models, Docker

EXPERIENCE
Applied ML Engineer | BlueOrbit Data | 2023-Present
- Built and maintained dashboards tracking 5 KPIs for 4 stakeholder teams.
- Automated reporting workflows with Python, saving 12 hours per week.
- Improved data quality by 32% through validation checks and anomaly detection.

EDUCATION
Bachelor of Science | National University | 2019",Machine Learning Engineer
"Pooja Joshi
poojajoshi125@examplemail.com | (555) 010-0125

SUMMARY
Applied ML Engineer with 5 years of experience at BrightSpark Analytics, specializing in machine learning engineer work.

SKILLS
REST APIs, TensorFlow, machine learning, Databricks, CI/CD, A/B testing of models, Docker, MLOps, Kubernetes, Spark, XGBoost, feature stores

EXPERIENCE
Applied ML Engineer | BrightSpark Analytics | 2022-Present
- Built and maintained dashboards tracking 11 KPIs for 2 stakeholder teams.
- Automated reporting workflows with Excel, saving 13 hours per week.
- Improved data quality by 27% through validation checks and anomaly detection.

EDUCATION
Bachelor of Science | Institute of Technology | 2017",Machine Learning Engineer
"Farhan Khan
farhankhan126@examplemail.com | (555) 010-0126

SUMMARY
Machine Learning Engineer with 2 years of experience at BrightSpark Analytics, specializing in machine learning engineer work.

SKILLS
A/B testing of models, CI/CD, XGBoost, PyTorch, feature stores, deep learning, MLOps, Python, business requirements, TensorFlow, Snowflake, MLflow, schema design, Docker, Spark

EXPERIENCE
Machine Learning Engineer | BrightSpark Analytics | 2020-Present
- Built and maintained dashboards tracking 29 KPIs for 5 stakeholder teams.
- Automated reporting workflows with Python, saving 7 hours per week.
- Improved data quality by 18% through validation checks and anomaly detection.

EDUCATION
Bachelor of Science | National University | 2015",Machine Learning Engineer
"Priya Mehta
priyamehta127@examplemail.com | (555) 010-0127

SUMMARY
ML Engineer with 5 years of experience at BlueOrbit Data, specializing in machine learning engineer work.

SKILLS
A/B testing of models, Kubernetes, experimental design, Python, Python, Docker, NumPy, Spark, TensorFlow, REST APIs, model deployment, MLOps, PyTorch, deep learning

EXPERIENCE
ML Engineer | BlueOrbit Data | 2019-Present
- Built and maintained dashboards tracking 5 KPIs for 6 stakeholder teams.
- Automated reporting workflows with Python, saving 19 hours per week.
- Improved data quality by 15% through validation checks and anomaly detection.

EDUCATION
Bachelor of Science | Metropolitan College | 2014",Machine Learning Engineer
"Nikhil Joshi
nikhiljoshi128@examplemail.com | (555) 010-0128

SUMMARY
Machine Learning Engineer with 5 years of experience at CloudPeak, specializing in machine learning engineer work.

SKILLS
model deployment, Looker, REST APIs, deep learning, Kubernetes, MLOps, MLflow, CI/CD, TensorFlow, Spark, A/B testing of models

EXPERIENCE
Machine Learning Engineer | CloudPeak | 2022-Present
- Built and maintained dashboards tracking 23 KPIs for 3 stakeholder teams.
- Automated reporting workflows with Python, saving 6 hours per week.
- Improved data quality by 38% through validation checks and anomaly detection.

EDUCATION
Bachelor of Science | Institute of Technology | 2015",Machine Learning Engineer
"Priya Gupta
priyagupta129@examplemail.com | (555) 010-0129

SUMMARY
Applied ML Engineer with 2 years of experience at QuantumMetrics, specializing in machine learning engineer work.

SKILLS
A/B testing of models, deep learning, model deployment, Python, MLflow, TensorFlow, Docker, data cleaning, data governance, MLOps, Databricks, REST APIs, model evaluation, feature stores, KPIs, Spark

EXPERIENCE
Applied ML Engineer | QuantumMetrics | 2019-Present
- Built and maintained dashboards tracking 17 KPIs for 5 stakeholder teams.
- Automated reporting workflows with Python, saving 8 hours per week.
- Improved data quality by 10% through validation checks and anomaly detection.

EDUCATION
Bachelor of Science | Institute of Technology | 2018",Machine Learning Engineer
"Nikhil Chandra
nikhilchandra130@examplemail.com | (555) 010-0130

SUMMARY
Machine Learning Engineer with 4 years of experience at InsightWorks, specializing in machine learning engineer work.

SKILLS
Spark, deep learning, REST APIs, Python, XGBoost, ETL, feature stores, data governance, MLflow, TensorFlow, dimensional modeling, MLOps

EXPERIENCE
Machine Learning Engineer | InsightWorks | 2019-Present
- Built and maintained dashboards tracking 16 KPIs for 6 stakeholder teams.
- Automated reporting workflows with Excel, saving 8 hours per week.
- Improved data quality by 23% through validation checks and anomaly detection.

EDUCATION
Bachelor of Science | Central State Institute | 2016",Machine Learning Engineer
"Kavya Nair
kavyanair131@examplemail.com | (555) 010-0131

SUMMARY
Applied ML Engineer with 2 years of experience at DataBridge Labs, specializing in machine learning engineer work.

SKILLS
model deployment, TensorFlow, MLflow, ETL, Docker, Python, statistical analysis, MLOps, deep learning, XGBoost, feature stores, model evaluation, CI/CD, REST APIs, Spark, NumPy

EXPERIENCE
Applied ML Engineer | DataBridge Labs | 2020-Present
- Built and maintained dashboards tracking 16 KPIs for 6 stakeholder teams.
- Automated reporting workflows with Excel, saving 20 hours per week.
- Improved data quality by 18% through validation checks and anomaly detection.

EDUCATION
Bachelor of Science | Metropolitan College | 2018",Machine Learning Engineer
"Ishita Singh
ishitasingh132@examplemail.com | (555) 010-0132

SUMMARY
Applied ML Engineer with 1 years of experience at InsightWorks, specializing in machine learning engineer work.

SKILLS
MLflow, TensorFlow, Snowflake, PyTorch, Spark, model deployment, A/B testing of models, Airflow, XGBoost, CI/CD, MLOps, business requirements, SSRS

EXPERIENCE
Applied ML Engineer | InsightWorks | 2022-Present
- Built and maintained dashboards tracking 7 KPIs for 4 stakeholder teams.
- Automated reporting workflows with Python, saving 16 hours per week.
- Improved data quality by 12% through validation checks and anomaly detection.

EDUCATION
Bachelor of Science | State University | 2014",Machine Learning Engineer
"Neha Singh
nehasingh133@examplemail.com | (555) 010-0133

SUMMARY
Applied ML Engineer with 4 years of experience at Nexalytics, specializing in machine learning engineer work.

SKILLS
A/B testing of models, Power BI, PyTorch, Spark, data warehousing, feature stores, CI/CD, MLOps, Docker, deep learning, Kubernetes, Python, REST APIs, data governance, TensorFlow

EXPERIENCE
Applied ML Engineer | Nexalytics | 2018-Present
- Built and maintained dashboards tracking 16 KPIs for 5 stakeholder teams.
- Automated reporting workflows with SQL, saving 11 hours per week.
- Improved data quality by 26% through validation checks and anomaly detection.

EDUCATION
Bachelor of Science | Central State Institute | 2019",Machine Learning Engineer
"Manoj Reddy
manojreddy134@examplemail.com | (555) 010-0134

SUMMARY
ML Engineer with 2 years of experience at DataBridge Labs, specializing in machine learning engineer work.

SKILLS
A/B testing of models, Python, REST APIs, Spark, Kubernetes, feature stores, MLOps, PyTorch, model evaluation, SQL, MLflow, Docker, statistical analysis, deep learning, XGBoost

EXPERIENCE
ML Engineer | DataBridge Labs | 2022-Present
- Built and maintained dashboards tracking 29 KPIs for 4 stakeholder teams.
- Automated reporting workflows with SQL, saving 19 hours per week.
- Improved data quality by 38% through validation checks and anomaly detection.

EDUCATION
Bachelor of Science | Central State Institute | 2020",Machine Learning Engineer
"Aarav Agarwal
aaravagarwal135@examplemail.com | (555) 010-0135

SUMMARY
Machine Learning Engineer with 4 years of experience at DataBridge Labs, specializing in machine learning engineer work.

SKILLS
feature engineering, A/B testing of models, REST APIs, model deployment, feature stores, pivot tables, XGBoost, statistical modeling, deep learning, MLflow, Docker, Spark, Kubernetes, Python, Python

EXPERIENCE
Machine Learning Engineer | DataBridge Labs | 2020-Present
- Built and maintained dashboards tracking 28 KPIs for 3 stakeholder teams.
- Automated reporting workflows with Python, saving 12 hours per week.
- Improved data quality by 37% through validation checks and anomaly detection.

EDUCATION
Bachelor of Science | Metropolitan College | 2015",Machine Learning Engineer
"Divya Mehta
divyamehta136@examplemail.com | (555) 010-0136

SUMMARY
ML Engineer with 4 years of experience at CloudPeak, specializing in machine learning engineer work.

SKILLS
A/B testing of models, MLOps, business requirements, Spark, regression, NumPy, TensorFlow, Python, DAX, model deployment, feature stores, XGBoost, REST APIs, dashboard design

EXPERIENCE
ML Engineer | CloudPeak | 2024-Present
- Built and maintained dashboards tracking 22 KPIs for 2 stakeholder teams.
- Automated reporting workflows with Excel, saving 16 hours per week.
- Improved data quality by 22% through validation checks and anomaly detection.

EDUCATION
Bachelor of Science | Central State Institute | 2019",Machine Learning Engineer
"Ananya Bose
ananyabose137@examplemail.com | (555) 010-0137

SUMMARY
ML Engineer with 3 years of experience at DataBridge Labs, specializing in machine learning engineer work.

SKILLS
CI/CD, Python, SSRS, PyTorch, TensorFlow, Python, REST APIs, R, feature stores, DAX, model deployment, Docker, Kubernetes, MLflow

EXPERIENCE
ML Engineer | DataBridge Labs | 2023-Present
- Built and maintained dashboards tracking 19 KPIs for 3 stakeholder teams.
- Automated reporting workflows with Excel, saving 9 hours per week.
- Improved data quality by 28% through validation checks and anomaly detection.

EDUCATION
Bachelor of Science | Central State Institute | 2015",Machine Learning Engineer
"Sneha Joshi
snehajoshi138@examplemail.com | (555) 010-0138

SUMMARY
ML Engineer with 3 years of experience at CloudPeak, specializing in machine learning engineer work.

SKILLS
feature stores, MLOps, TensorFlow, REST APIs, CI/CD, R, DAX, data warehousing, Spark, PyTorch, Python, MLflow, model deployment, hypothesis testing, A/B testing of models

EXPERIENCE
ML Engineer | CloudPeak | 2018-Present
- Built and maintained dashboards tracking 16 KPIs for 4 stakeholder teams.
- Automated reporting workflows with Excel, saving 13 hours per week.
- Improved data quality by 21% through validation checks and anomaly detection.

EDUCATION
Bachelor of Science | Central State Institute | 2017",Machine Learning Engineer
"Sneha Verma
snehaverma139@examplemail.com | (555) 010-0139

SUMMARY
Applied ML Engineer with 6 years of experience at ApexInsight, specializing in machine learning engineer work.

SKILLS
REST APIs, ETL, PyTorch, Docker, statistical modeling, model deployment, MLOps, XGBoost, Python, A/B testing of models, Tableau, business requirements, Spark, stakeholder management, deep learning, MLflow, Kubernetes

EXPERIENCE
Applied ML Engineer | ApexInsight | 2021-Present
- Built and maintained dashboards tracking 13 KPIs for 6 stakeholder teams.
- Automated reporting workflows with Excel, saving 17 hours per week.
- Improved data quality by 18% through validation checks and anomaly detection.

EDUCATION
Bachelor of Science | Institute of Technology | 2020",Machine Learning Engineer
"Ishita Bose
ishitabose140@examplemail.com | (555) 010-0140

SUMMARY
Machine Learning Engineer with 2 years of experience at Nexalytics, specializing in machine learning engineer work.

SKILLS
MLflow, SSRS, TensorFlow, REST APIs, Tableau, Looker, A/B testing of models, Docker, data validation, CI/CD, statistical analysis, Spark, PyTorch

EXPERIENCE
Machine Learning Engineer | Nexalytics | 2022-Present
- Built and maintained dashboards tracking 28 KPIs for 4 stakeholder teams.
- Automated reporting workflows with SQL, saving 9 hours per week.
- Improved data quality by 14% through validation checks and anomaly detection.

EDUCATION
Bachelor of Science | Institute of Technology | 2020",Machine Learning Engineer
"Ananya Sharma
ananyasharma141@examplemail.com | (555) 010-0141

SUMMARY
ML Engineer with 3 years of experience at TechNova Solutions, specializing in machine learning engineer work.

SKILLS
hypothesis testing, model deployment, dimensional modeling, MLOps, MLflow, data warehousing, XGBoost, PyTorch, A/B testing of models, Spark, REST APIs, feature stores, stakeholder management, Docker, CI/CD, pandas

EXPERIENCE
ML Engineer | TechNova Solutions | 2021-Present
- Built and maintained dashboards tracking 14 KPIs for 5 stakeholder teams.
- Automated reporting workflows with Excel, saving 5 hours per week.
- Improved data quality by 32% through validation checks and anomaly detection.

EDUCATION
Bachelor of Science | Metropolitan College | 2020",Machine Learning Engineer
"Kavya Das
kavyadas142@examplemail.com | (555) 010-0142

SUMMARY
ML Engineer with 5 years of experience at TechNova Solutions, specializing in machine learning engineer work.

SKILLS
KPIs, A/B testing of models, R, MLflow, Python, TensorFlow, stakeholder management, Spark, XGBoost, model deployment, pivot tables, SQL, MLOps, REST APIs, Kubernetes, deep learning, CI/CD

EXPERIENCE
ML Engineer | TechNova Solutions | 2020-Present
- Built and maintained dashboards tracking 19 KPIs for 4 stakeholder teams.
- Automated reporting workflows with Excel, saving 20 hours per week.
- Improved data quality by 16% through validation checks and anomaly detection.

EDUCATION
Bachelor of Science | National University | 2014",Machine Learning Engineer
"Vikram Patel
vikrampatel143@examplemail.com | (555) 010-0143

SUMMARY
Machine Learning Engineer with 1 years of experience at BlueOrbit Data, specializing in machine learning engineer work.

SKILLS
A/B testing of models, stakeholder reporting, SQL, DAX, Docker, CI/CD, PyTorch, TensorFlow, MLOps, MLflow, Python

EXPERIENCE
Machine Learning Engineer | BlueOrbit Data | 2019-Present
- Built and maintained dashboards tracking 13 KPIs for 5 stakeholder teams.
- Automated reporting workflows with Python, saving 20 hours per week.
- Improved data quality by 15% through validation checks and anomaly detection.

EDUCATION
Bachelor of Science | State University | 2020",Machine Learning Engineer
"Karan Singh
karansingh144@examplemail.com | (555) 010-0144

SUMMARY
Applied ML Engineer with 6 years of experience at TechNova Solutions, specializing in machine learning engineer work.

SKILLS
Spark, Docker, experimental design, TensorFlow, feature stores, MLflow, Looker, Spark, model deployment, MLOps, CI/CD, Python

EXPERIENCE
Applied ML Engineer | TechNova Solutions | 2018-Present
- Built and maintained dashboards tracking 11 KPIs for 2 stakeholder teams.
- Automated reporting workflows with Python, saving 18 hours per week.
- Improved data quality by 20% through validation checks and anomaly detection.

EDUCATION
Bachelor of Science | State University | 2015",Machine Learning Engineer
"Karan Iyer
karaniyer145@examplemail.com | (555) 010-0145

SUMMARY
Machine Learning Engineer with 2 years of experience at Nexalytics, specializing in machine learning engineer work.

SKILLS
data cleaning, A/B testing of models, MLOps, Kubernetes, Spark, CI/CD, TensorFlow, deep learning, PyTorch, DAX, pivot tables

EXPERIENCE
Machine Learning Engineer | Nexalytics | 2021-Present
- Built and maintained dashboards tracking 15 KPIs for 6 stakeholder teams.
- Automated reporting workflows with Excel, saving 16 hours per week.
- Improved data quality by 35% through validation checks and anomaly detection.

EDUCATION
Bachelor of Science | Institute of Technology | 2019",Machine Learning Engineer
"Arjun Sharma
arjunsharma146@examplemail.com | (555) 010-0146

SUMMARY
Applied ML Engineer with 5 years of experience at Nexalytics, specializing in machine learning engineer work.

SKILLS
A/B testing of models, pandas, XGBoost, CI/CD, Python, dimensional modeling, Docker, MLOps, TensorFlow, Spark, REST APIs, regression

EXPERIENCE
Applied ML Engineer | Nexalytics | 2019-Present
- Built and maintained dashboards tracking 16 KPIs for 5 stakeholder teams.
- Automated reporting workflows with Python, saving 17 hours per week.
- Improved data quality by 33% through validation checks and anomaly detection.

EDUCATION
Bachelor of Science | Metropolitan College | 2014",Machine Learning Engineer
"Anika Verma
anikaverma147@examplemail.com | (555) 010-0147

SUMMARY
ML Engineer with 1 years of experience at ApexInsight, specializing in machine learning engineer work.

SKILLS
PyTorch, MLflow, feature stores, MLOps, A/B testing of models, Python, model evaluation, model deployment, REST APIs, A/B testing, regression, XGBoost

EXPERIENCE
ML Engineer | ApexInsight | 2021-Present
- Built and maintained dashboards tracking 6 KPIs for 6 stakeholder teams.
- Automated reporting workflows with Excel, saving 17 hours per week.
- Improved data quality by 31% through validation checks and anomaly detection.

EDUCATION
Bachelor of Science | Institute of Technology | 2018",Machine Learning Engineer
"Anika Joshi
anikajoshi148@examplemail.com | (555) 010-0148

SUMMARY
Machine Learning Engineer with 5 years of experience at TechNova Solutions, specializing in machine learning engineer work.

SKILLS
feature stores, Python, CI/CD, Spark, ETL, deep learning, MLOps, Kubernetes, data warehousing, Tableau, MLflow, NumPy, REST APIs, dbt, PyTorch, TensorFlow, model deployment

EXPERIENCE
Machine Learning Engineer | TechNova Solutions | 2023-Present
- Built and maintained dashboards tracking 26 KPIs for 3 stakeholder teams.
- Automated reporting workflows with Excel, saving 10 hours per week.
- Improved data quality by 27% through validation checks and anomaly detection.

EDUCATION
Bachelor of Science | Metropolitan College | 2018",Machine Learning Engineer
"Pooja Iyer
poojaiyer149@examplemail.com | (555) 010-0149

SUMMARY
Applied ML Engineer with 4 years of experience at ApexInsight, specializing in machine learning engineer work.

SKILLS
CI/CD, schema design, REST APIs, NumPy, model deployment, PyTorch, Spark, Docker, TensorFlow, deep learning, feature stores, pandas, XGBoost, A/B testing of models, regression, SSRS

EXPERIENCE
Applied ML Engineer | ApexInsight | 2019-Present
- Built and maintained dashboards tracking 5 KPIs for 2 stakeholder teams.
- Automated reporting workflows with SQL, saving 5 hours per week.
- Improved data quality by 26% through validation checks and anomaly detection.

EDUCATION
Bachelor of Science | Metropolitan College | 2016",Machine Learning Engineer
"Aarav Das
aaravdas150@examplemail.com | (555) 010-0150

SUMMARY
ML Engineer with 3 years of experience at CloudPeak, specializing in machine learning engineer work.

SKILLS
Tableau, Docker, Spark, feature stores, XGBoost, deep learning, PyTorch, Power BI, CI/CD, REST APIs

EXPERIENCE
ML Engineer | CloudPeak | 2018-Present
- Built and maintained dashboards tracking 7 KPIs for 6 stakeholder teams.
- Automated reporting workflows with SQL, saving 11 hours per week.
- Improved data quality by 33% through validation checks and anomaly detection.

EDUCATION
Bachelor of Science | Institute of Technology | 2019",Machine Learning Engineer
"Rohit Agarwal
rohitagarwal151@examplemail.com | (555) 010-0151

SUMMARY
Applied ML Engineer with 4 years of experience at InsightWorks, specializing in machine learning engineer work.

SKILLS
Spark, REST APIs, CI/CD, model deployment, TensorFlow, A/B testing of models, data quality, PyTorch, deep learning, GCP, Python, A/B testing, XGBoost, Docker, KPIs, model evaluation, feature stores

EXPERIENCE
Applied ML Engineer | InsightWorks | 2021-Present
- Built and maintained dashboards tracking 29 KPIs for 6 stakeholder teams.
- Automated reporting workflows with Excel, saving 7 hours per week.
- Improved data quality by 17% through validation checks and anomaly detection.

EDUCATION
Bachelor of Science | National University | 2016",Machine Learning Engineer
"Sanjay Khan
sanjaykhan152@examplemail.com | (555) 010-0152

SUMMARY
Machine Learning Engineer with 1 years of experience at InsightWorks, specializing in machine learning engineer work.

SKILLS
model deployment, Docker, SSRS, Power Query, Python, deep learning, CI/CD, Looker, A/B testing of models, XGBoost, MLflow, feature stores, TensorFlow, REST APIs

EXPERIENCE
Machine Learning Engineer | InsightWorks | 2019-Present
- Built and maintained dashboards tracking 26 KPIs for 5 stakeholder teams.
- Automated reporting workflows with SQL, saving 16 hours per week.
- Improved data quality by 21% through validation checks and anomaly detection.

EDUCATION
Bachelor of Science | Metropolitan College | 2016",Machine Learning Engineer
"Ishita Sharma
ishitasharma153@examplemail.com | (555) 010-0153

SUMMARY
ML Engineer with 3 years of experience at QuantumMetrics, specializing in machine learning engineer work.

SKILLS
model deployment, Python, Spark, A/B testing, REST APIs, TensorFlow, MLflow, A/B testing of models, data pipelines, PyTorch, MLOps, Kubernetes, deep learning, feature stores

EXPERIENCE
ML Engineer | QuantumMetrics | 2022-Present
- Built and maintained dashboards tracking 11 KPIs for 6 stakeholder teams.
- Automated reporting workflows with Python, saving 11 hours per week.
- Improved data quality by 27% through validation checks and anomaly detection.

EDUCATION
Bachelor of Science | Institute of Technology | 2020",Machine Learning Engineer
"Karan Agarwal
karanagarwal154@examplemail.com | (555) 010-0154

SUMMARY
Applied ML Engineer with 3 years of experience at ApexInsight, specializing in machine learning engineer work.

SKILLS
data warehousing, PyTorch, Power Query, business requirements, REST APIs, Docker, XGBoost, deep learning, Airflow, Spark, model deployment, Python

EXPERIENCE
Applied ML Engineer | ApexInsight | 2023-Present
- Built and maintained dashboards tracking 25 KPIs for 5 stakeholder teams.
- Automated reporting workflows with Python, saving 17 hours per week.
- Improved data quality by 26% through validation checks and anomaly detection.

EDUCATION
Bachelor of Science | Institute of Technology | 2014",Machine Learning Engineer
"Rohit Agarwal
rohitagarwal155@examplemail.com | (555) 010-0155

SUMMARY
Machine Learning Engineer with 2 years of experience at ApexInsight, specializing in machine learning engineer work.

SKILLS
Docker, XGBoost, data cleaning, PyTorch, MLOps, MLflow, A/B testing of models, feature engineering, feature stores, Python, pandas, Excel, REST APIs, data pipelines

EXPERIENCE
Machine Learning Engineer | ApexInsight | 2023-Present
- Built and maintained dashboards tracking 9 KPIs for 4 stakeholder teams.
- Automated reporting workflows with SQL, saving 9 hours per week.
- Improved data quality by 12% through validation checks and anomaly detection.

EDUCATION
Bachelor of Science | Central State Institute | 2017",Machine Learning Engineer
"Nikhil Nair
nikhilnair156@examplemail.com | (555) 010-0156

SUMMARY
Applied ML Engineer with 5 years of experience at Nexalytics, specializing in machine learning engineer work.

SKILLS
MLflow, model deployment, PyTorch, XGBoost, ETL, Docker, Spark, dimensional modeling, CI/CD, MLOps, deep learning, Kubernetes

EXPERIENCE
Applied ML Engineer | Nexalytics | 2019-Present
- Built and maintained dashboards tracking 22 KPIs for 2 stakeholder teams.
- Automated reporting workflows with Python, saving 15 hours per week.
- Improved data quality by 36% through validation checks and anomaly detection.

EDUCATION
Bachelor of Science | Institute of Technology | 2019",Machine Learning Engineer
"Aarav Kulkarni
aaravkulkarni157@examplemail.com | (555) 010-0157

SUMMARY
ML Engineer with 2 years of experience at Nexalytics, specializing in machine learning engineer work.

SKILLS
data governance, MLflow, REST APIs, dashboard design, KPIs, Docker, MLOps, TensorFlow, feature stores, PyTorch, CI/CD, Python, business requirements, A/B testing of models, model deployment

EXPERIENCE
ML Engineer | Nexalytics | 2019-Present
- Built and maintained dashboards tracking 17 KPIs for 5 stakeholder teams.
- Automated reporting workflows with SQL, saving 9 hours per week.
- Improved data quality by 15% through validation checks and anomaly detection.

EDUCATION
Bachelor of Science | National University | 2015",Machine Learning Engineer
"Priya Chandra
priyachandra158@examplemail.com | (555) 010-0158

SUMMARY
ML Engineer with 4 years of experience at TechNova Solutions, specializing in machine learning engineer work.

SKILLS
REST APIs, Spark, MLflow, Python, XGBoost, Kubernetes, TensorFlow, Tableau, PyTorch, SQL, data quality, CI/CD, MLOps

EXPERIENCE
ML Engineer | TechNova Solutions | 2018-Present
- Built and maintained dashboards tracking 19 KPIs for 2 stakeholder teams.
- Automated reporting workflows with Python, saving 17 hours per week.
- Improved data quality by 33% through validation checks and anomaly detection.

EDUCATION
Bachelor of Science | Metropolitan College | 2018",Machine Learning Engineer
"Sanjay Patel
sanjaypatel159@examplemail.com | (555) 010-0159

SUMMARY
ML Engineer with 4 years of experience at CloudPeak, specializing in machine learning engineer work.

SKILLS
Python, MLOps, A/B testing of models, PyTorch, Python, model deployment, feature stores, XGBoost, Spark, Databricks, REST APIs, Tableau, Docker, CI/CD

EXPERIENCE
ML Engineer | CloudPeak | 2020-Present
- Built and maintained dashboards tracking 23 KPIs for 3 stakeholder teams.
- Automated reporting workflows with SQL, saving 7 hours per week.
- Improved data quality by 18% through validation checks and anomaly detection.

EDUCATION
Bachelor of Science | Metropolitan College | 2019",Machine Learning Engineer
"Farhan Gupta
farhangupta160@examplemail.com | (555) 010-0160

SUMMARY
Machine Learning Engineer with 1 years of experience at DataBridge Labs, specializing in machine learning engineer work.

SKILLS
Kubernetes, Docker, model deployment, CI/CD, XGBoost, A/B testing of models, MLflow, PyTorch, REST APIs, data quality, scikit-learn, dashboard design, TensorFlow, Python

EXPERIENCE
Machine Learning Engineer | DataBridge Labs | 2021-Present
- Built and maintained dashboards tracking 9 KPIs for 3 stakeholder teams.
- Automated reporting workflows with Python, saving 13 hours per week.
- Improved data quality by 10% through validation checks and anomaly detection.

EDUCATION
Bachelor of Science | State University | 2017",Machine Learning Engineer
"Kavya Sharma
kavyasharma161@examplemail.com | (555) 010-0161

SUMMARY
Machine Learning Engineer with 1 years of experience at ApexInsight, specializing in machine learning engineer work.

SKILLS
ETL, model deployment, Python, business requirements, TensorFlow, REST APIs, XGBoost, CI/CD, SSRS, stakeholder management, MLOps, deep learning, Spark

EXPERIENCE
Machine Learning Engineer | ApexInsight | 2020-Present
- Built and maintained dashboards tracking 8 KPIs for 5 stakeholder teams.
- Automated reporting workflows with Python, saving 10 hours per week.
- Improved data quality by 31% through validation checks and anomaly detection.

EDUCATION
Bachelor of Science | National University | 2018",Machine Learning Engineer
"Lakshmi Gupta
lakshmigupta162@examplemail.com | (555) 010-0162

SUMMARY
ML Engineer with 5 years of experience at PrimeSight, specializing in machine learning engineer work.

SKILLS
model deployment, TensorFlow, A/B testing of models, statistical modeling, Kubernetes, deep learning, Looker, CI/CD, Spark, Docker

EXPERIENCE
ML Engineer | PrimeSight | 2023-Present
- Built and maintained dashboards tracking 6 KPIs for 2 stakeholder teams.
- Automated reporting workflows with Excel, saving 7 hours per week.
- Improved data quality by 25% through validation checks and anomaly detection.

EDUCATION
Bachelor of Science | Central State Institute | 2019",Machine Learning Engineer
"Anika Das
anikadas163@examplemail.com | (555) 010-0163

SUMMARY
ML Engineer with 3 years of experience at Nexalytics, specializing in machine learning engineer work.

SKILLS
feature stores, MLflow, dbt, Spark, TensorFlow, PyTorch, MLOps, Kubernetes, statistical modeling, A/B testing of models, Power Query, deep learning, XGBoost

EXPERIENCE
ML Engineer | Nexalytics | 2020-Present
- Built and maintained dashboards tracking 22 KPIs for 3 stakeholder teams.
- Automated reporting workflows with Python, saving 11 hours per week.
- Improved data quality by 32% through validation checks and anomaly detection.

EDUCATION
Bachelor of Science | Central State Institute | 2016",Machine Learning Engineer
"Rahul Das
rahuldas164@examplemail.com | (555) 010-0164

SUMMARY
Applied ML Engineer with 6 years of experience at QuantumMetrics, specializing in machine learning engineer work.

SKILLS
scikit-learn, model deployment, Python, XGBoost, Kubernetes, REST APIs, CI/CD, A/B testing of models, Databricks, TensorFlow, Spark, Spark, feature stores

EXPERIENCE
Applied ML Engineer | QuantumMetrics | 2022-Present
- Built and maintained dashboards tracking 6 KPIs for 6 stakeholder teams.
- Automated reporting workflows with SQL, saving 15 hours per week.
- Improved data quality by 27% through validation checks and anomaly detection.

EDUCATION
Bachelor of Science | Central State Institute | 2014",Machine Learning Engineer
"Arjun Kulkarni
arjunkulkarni165@examplemail.com | (555) 010-0165

SUMMARY
Machine Learning Engineer with 2 years of experience at BrightSpark Analytics, specializing in machine learning engineer work.

SKILLS
CI/CD, data quality, TensorFlow, Kubernetes, Python, model deployment, Docker, PyTorch, data warehousing, feature stores, XGBoost, REST APIs

EXPERIENCE
Machine Learning Engineer | BrightSpark Analytics | 2024-Present
- Built and maintained dashboards tracking 21 KPIs for 4 stakeholder teams.
- Automated reporting workflows with Python, saving 8 hours per week.
- Improved data quality by 21% through validation checks and anomaly detection.

EDUCATION
Bachelor of Science | State University | 2014",Machine Learning Engineer
"Arjun Reddy
arjunreddy166@examplemail.com | (555) 010-0166

SUMMARY
Machine Learning Engineer with 6 years of experience at PrimeSight, specializing in machine learning engineer work.

SKILLS
ETL, data warehousing, XGBoost, model deployment, Spark, Kubernetes, MLOps, feature stores, Docker, A/B testing of models, MLflow, PyTorch, TensorFlow

EXPERIENCE
Machine Learning Engineer | PrimeSight | 2018-Present
- Built and maintained dashboards tracking 24 KPIs for 2 stakeholder teams.
- Automated reporting workflows with SQL, saving 19 hours per week.
- Improved data quality by 38% through validation checks and anomaly detection.

EDUCATION
Bachelor of Science | Central State Institute | 2014",Machine Learning Engineer
"Nikhil Das
nikhildas167@examplemail.com | (555) 010-0167

SUMMARY
ML Engineer with 5 years of experience at TechNova Solutions, specializing in machine learning engineer work.

SKILLS
ETL, deep learning, Docker, MLOps, XGBoost, A/B testing of models, machine learning, Kubernetes, MLflow, CI/CD, feature stores

EXPERIENCE
ML Engineer | TechNova Solutions | 2019-Present
- Built and maintained dashboards tracking 15 KPIs for 4 stakeholder teams.
- Automated reporting workflows with Python, saving 14 hours per week.
- Improved data quality by 28% through validation checks and anomaly detection.

EDUCATION
Bachelor of Science | Central State Institute | 2015",Machine Learning Engineer
"Rahul Das
rahuldas168@examplemail.com | (555) 010-0168

SUMMARY
Applied ML Engineer with 3 years of experience at ApexInsight, specializing in machine learning engineer work.

SKILLS
A/B testing of models, DAX, TensorFlow, MLflow, Python, stakeholder management, dbt, model deployment, PyTorch, deep learning, MLOps, data governance, REST APIs, Spark, CI/CD, ETL

EXPERIENCE
Applied ML Engineer | ApexInsight | 2019-Present
- Built and maintained dashboards tracking 26 KPIs for 5 stakeholder teams.
- Automated reporting workflows with SQL, saving 12 hours per week.
- Improved data quality by 40% through validation checks and anomaly detection.

EDUCATION
Bachelor of Science | Metropolitan College | 2015",Machine Learning Engineer
"Anika Joshi
anikajoshi169@examplemail.com | (555) 010-0169

SUMMARY
Machine Learning Engineer with 4 years of experience at BrightSpark Analytics, specializing in machine learning engineer work.

SKILLS
GCP, REST APIs, MLOps, Tableau, Spark, CI/CD, schema design, data cleaning, TensorFlow, feature stores, deep learning, Kubernetes, statistical modeling, PyTorch, Python

EXPERIENCE
Machine Learning Engineer | BrightSpark Analytics | 2019-Present
- Built and maintained dashboards tracking 23 KPIs for 5 stakeholder teams.
- Automated reporting workflows with Python, saving 12 hours per week.
- Improved data quality by 27% through validation checks and anomaly detection.

EDUCATION
Bachelor of Science | National University | 2017",Machine Learning Engineer
"Sanjay Reddy
sanjayreddy170@examplemail.com | (555) 010-0170

SUMMARY
Applied ML Engineer with 3 years of experience at BrightSpark Analytics, specializing in machine learning engineer work.

SKILLS
MLflow, Python, CI/CD, ETL, feature stores, model deployment, deep learning, Kubernetes, A/B testing of models, data governance, Spark, REST APIs, XGBoost, PyTorch

EXPERIENCE
Applied ML Engineer | BrightSpark Analytics | 2019-Present
- Built and maintained dashboards tracking 20 KPIs for 2 stakeholder teams.
- Automated reporting workflows with Python, saving 11 hours per week.
- Improved data quality by 36% through validation checks and anomaly detection.

EDUCATION
Bachelor of Science | Institute of Technology | 2018",Machine Learning Engineer
"Farhan Sharma
farhansharma171@examplemail.com | (555) 010-0171

SUMMARY
ML Engineer with 2 years of experience at InsightWorks, specializing in machine learning engineer work.

SKILLS
CI/CD, Spark, model deployment, Kubernetes, SQL, business requirements, feature stores, A/B testing of models, XGBoost, PyTorch, MLflow, Docker, MLOps, deep learning, ETL, pivot tables

EXPERIENCE
ML Engineer | InsightWorks | 2021-Present
- Built and maintained dashboards tracking 18 KPIs for 6 stakeholder teams.
- Automated reporting workflows with SQL, saving 15 hours per week.
- Improved data quality by 32% through validation checks and anomaly detection.

EDUCATION
Bachelor of Science | Institute of Technology | 2017",Machine Learning Engineer
"Sanjay Chandra
sanjaychandra172@examplemail.com | (555) 010-0172

SUMMARY
Applied ML Engineer with 5 years of experience at BlueOrbit Data, specializing in machine learning engineer work.

SKILLS
Kubernetes, reporting, model deployment, XGBoost, A/B testing of models, data validation, PyTorch, REST APIs, feature stores, MLflow, MLOps, SQL

EXPERIENCE
Applied ML Engineer | BlueOrbit Data | 2024-Present
- Built and maintained dashboards tracking 10 KPIs for 5 stakeholder teams.
- Automated reporting workflows with Excel, saving 18 hours per week.
- Improved data quality by 27% through validation checks and anomaly detection.

EDUCATION
Bachelor of Science | Institute of Technology | 2017",Machine Learning Engineer
"Sanjay Verma
sanjayverma173@examplemail.com | (555) 010-0173

SUMMARY
ML Engineer with 5 years of experience at CloudPeak, specializing in machine learning engineer work.

SKILLS
CI/CD, Python, feature stores, PyTorch, MLflow, Docker, dashboard design, MLOps, Looker, model deployment, Spark, deep learning, XGBoost, A/B testing of models

EXPERIENCE
ML Engineer | CloudPeak | 2023-Present
- Built and maintained dashboards tracking 24 KPIs for 2 stakeholder teams.
- Automated reporting workflows with Python, saving 20 hours per week.
- Improved data quality by 30% through validation checks and anomaly detection.

EDUCATION
Bachelor of Science | Institute of Technology | 2019",Machine Learning Engineer
"Lakshmi Reddy
lakshmireddy174@examplemail.com | (555) 010-0174

SUMMARY
ML Engineer with 1 years of experience at BlueOrbit Data, specializing in machine learning engineer work.

SKILLS
A/B testing of models, Spark, Kubernetes, statistical modeling, data cleaning, Docker, REST APIs, PyTorch, XGBoost, deep learning, Python, MLOps, Power BI, Snowflake, MLflow, feature stores

EXPERIENCE
ML Engineer | BlueOrbit Data | 2019-Present
- Built and maintained dashboards tracking 9 KPIs for 6 stakeholder teams.
- Automated reporting workflows with Python, saving 13 hours per week.
- Improved data quality by 18% through validation checks and anomaly detection.

EDUCATION
Bachelor of Science | Central State Institute | 2018",Machine Learning Engineer
"Karan Joshi
karanjoshi175@examplemail.com | (555) 010-0175

SUMMARY
Applied ML Engineer with 2 years of experience at QuantumMetrics, specializing in machine learning engineer work.

SKILLS
Airflow, DAX, Python, CI/CD, Kubernetes, feature stores, REST APIs, PyTorch, MLOps, deep learning, data warehousing, A/B testing of models

EXPERIENCE
Applied ML Engineer | QuantumMetrics | 2022-Present
- Built and maintained dashboards tracking 26 KPIs for 5 stakeholder teams.
- Automated reporting workflows with Excel, saving 10 hours per week.
- Improved data quality by 16% through validation checks and anomaly detection.

EDUCATION
Bachelor of Science | State University | 2019",Machine Learning Engineer
"Ishita Patel
ishitapatel176@examplemail.com | (555) 010-0176

SUMMARY
Machine Learning Engineer with 3 years of experience at QuantumMetrics, specializing in machine learning engineer work.

SKILLS
Looker, model deployment, Kubernetes, Docker, A/B testing of models, ETL, R, data warehousing, XGBoost, data quality, feature stores, Spark, MLOps, MLflow

EXPERIENCE
Machine Learning Engineer | QuantumMetrics | 2022-Present
- Built and maintained dashboards tracking 13 KPIs for 4 stakeholder teams.
- Automated reporting workflows with Python, saving 13 hours per week.
- Improved data quality by 30% through validation checks and anomaly detection.

EDUCATION
Bachelor of Science | State University | 2017",Machine Learning Engineer
"Aditya Nair
adityanair177@examplemail.com | (555) 010-0177

SUMMARY
Applied ML Engineer with 1 years of experience at ApexInsight, specializing in machine learning engineer work.

SKILLS
MLflow, A/B testing of models, deep learning, statistical analysis, REST APIs, CI/CD, PyTorch, XGBoost, Kubernetes, Python, TensorFlow, data warehousing

EXPERIENCE
Applied ML Engineer | ApexInsight | 2018-Present
- Built and maintained dashboards tracking 24 KPIs for 3 stakeholder teams.
- Automated reporting workflows with Excel, saving 8 hours per week.
- Improved data quality by 32% through validation checks and anomaly detection.

EDUCATION
Bachelor of Science | Institute of Technology | 2014",Machine Learning Engineer
"Anika Khan
anikakhan178@examplemail.com | (555) 010-0178

SUMMARY
Machine Learning Engineer with 1 years of experience at Nexalytics, specializing in machine learning engineer work.

SKILLS
Spark, regression, TensorFlow, GCP, A/B testing of models, SQL, R, Airflow, REST APIs, CI/CD, MLOps, PyTorch, Docker

EXPERIENCE
Machine Learning Engineer | Nexalytics | 2023-Present
- Built and maintained dashboards tracking 20 KPIs for 3 stakeholder teams.
- Automated reporting workflows with Excel, saving 17 hours per week.
- Improved data quality by 15% through validation checks and anomaly detection.

EDUCATION
Bachelor of Science | Central State Institute | 2017",Machine Learning Engineer
"Sneha Khan
snehakhan179@examplemail.com | (555) 010-0179

SUMMARY
Machine Learning Engineer with 4 years of experience at BlueOrbit Data, specializing in machine learning engineer work.

SKILLS
XGBoost, TensorFlow, A/B testing of models, DAX, CI/CD, deep learning, feature stores, MLOps, Docker, Python, MLflow, REST APIs, ETL, PyTorch

EXPERIENCE
Machine Learning Engineer | BlueOrbit Data | 2019-Present
- Built and maintained dashboards tracking 18 KPIs for 5 stakeholder teams.
- Automated reporting workflows with Excel, saving 7 hours per week.
- Improved data quality by 27% through validation checks and anomaly detection.

EDUCATION
Bachelor of Science | National University | 2014",Machine Learning Engineer
"Sanjay Agarwal
sanjayagarwal180@examplemail.com | (555) 010-0180

SUMMARY
BI Developer with 6 years of experience at DataBridge Labs, specializing in business intelligence analyst work.

SKILLS
feature stores, data governance, business requirements, dashboard design, Power Query, Tableau, statistical modeling, data pipelines, Power BI, dimensional modeling, Kafka, Looker, data warehousing, ETL, SQL

EXPERIENCE
BI Developer | DataBridge Labs | 2023-Present
- Built and maintained dashboards tracking 11 KPIs for 3 stakeholder teams.
- Automated reporting workflows with Python, saving 11 hours per week.
- Improved data quality by 10% through validation checks and anomaly detection.

EDUCATION
Bachelor of Science | Central State Institute | 2018",Business Intelligence Analyst
"Divya Agarwal
divyaagarwal181@examplemail.com | (555) 010-0181

SUMMARY
BI Developer with 4 years of experience at Nexalytics, specializing in business intelligence analyst work.

SKILLS
business requirements, DAX, Power BI, SSRS, dashboard design, ETL, data warehousing, stakeholder management, Looker, dimensional modeling, GCP, stakeholder reporting

EXPERIENCE
BI Developer | Nexalytics | 2023-Present
- Built and maintained dashboards tracking 25 KPIs for 2 stakeholder teams.
- Automated reporting workflows with SQL, saving 6 hours per week.
- Improved data quality by 17% through validation checks and anomaly detection.

EDUCATION
Bachelor of Science | State University | 2019",Business Intelligence Analyst
"Vikram Sharma
vikramsharma182@examplemail.com | (555) 010-0182

SUMMARY
Business Intelligence Analyst with 1 years of experience at InsightWorks, specializing in business intelligence analyst work.

SKILLS
Looker, data validation, business requirements, ETL, Tableau, DAX, SSRS, GCP, Power Query, dashboard design, Power BI

EXPERIENCE
Business Intelligence Analyst | InsightWorks | 2020-Present
- Built and maintained dashboards tracking 23 KPIs for 3 stakeholder teams.
- Automated reporting workflows with SQL, saving 7 hours per week.
- Improved data quality by 13% through validation checks and anomaly detection.

EDUCATION
Bachelor of Science | State University | 2015",Business Intelligence Analyst
"Pooja Gupta
poojagupta183@examplemail.com | (555) 010-0183

SUMMARY
BI Analyst with 5 years of experience at BrightSpark Analytics, specializing in business intelligence analyst work.

SKILLS
Power BI, dashboard design, DAX, data governance, DAX, Looker, dimensional modeling, SSRS, Tableau, stakeholder management, SQL, SQL, ETL

EXPERIENCE
BI Analyst | BrightSpark Analytics | 2023-Present
- Built and maintained dashboards tracking 19 KPIs for 5 stakeholder teams.
- Automated reporting workflows with Python, saving 10 hours per week.
- Improved data quality by 29% through validation checks and anomaly detection.

EDUCATION
Bachelor of Science | Central State Institute | 2014",Business Intelligence Analyst
"Anika Gupta
anikagupta184@examplemail.com | (555) 010-0184

SUMMARY
BI Analyst with 6 years of experience at PrimeSight, specializing in business intelligence analyst work.

SKILLS
ETL, Power BI, Looker, Spark, business requirements, SQL, data governance, dimensional modeling, data pipelines, data warehousing, DAX, dashboard design, TensorFlow

EXPERIENCE
BI Analyst | PrimeSight | 2019-Present
- Built and maintained dashboards tracking 6 KPIs for 2 stakeholder teams.
- Automated reporting workflows with Excel, saving 16 hours per week.
- Improved data quality by 19% through validation checks and anomaly detection.

EDUCATION
Bachelor of Science | Central State Institute | 2017",Business Intelligence Analyst
"Karan Kulkarni
karankulkarni185@examplemail.com | (555) 010-0185

SUMMARY
BI Analyst with 2 years of experience at ApexInsight, specializing in business intelligence analyst work.

SKILLS
ETL, DAX, business requirements, data validation, dashboard design, Power BI, data quality, stakeholder management, SQL, Looker

EXPERIENCE
BI Analyst | ApexInsight | 2019-Present
- Built and maintained dashboards tracking 8 KPIs for 3 stakeholder teams.
- Automated reporting workflows with Excel, saving 18 hours per week.
- Improved data quality by 37% through validation checks and anomaly detection.

EDUCATION
Bachelor of Science | National University | 2017",Business Intelligence Analyst
"Divya Reddy
divyareddy186@examplemail.com | (555) 010-0186

SUMMARY
Business Intelligence Analyst with 1 years of experience at PrimeSight, specializing in business intelligence analyst work.

SKILLS
data governance, dashboard design, Airflow, TensorFlow, dimensional modeling, Looker, DAX, ETL, SSRS, business requirements, Power Query

EXPERIENCE
Business Intelligence Analyst | PrimeSight | 2020-Present
- Built and maintained dashboards tracking 19 KPIs for 5 stakeholder teams.
- Automated reporting workflows with SQL, saving 10 hours per week.
- Improved data quality by 34% through validation checks and anomaly detection.

EDUCATION
Bachelor of Science | Central State Institute | 2015",Business Intelligence Analyst
"Meera Gupta
meeragupta187@examplemail.com | (555) 010-0187

SUMMARY
BI Developer with 4 years of experience at ApexInsight, specializing in business intelligence analyst work.

SKILLS
stakeholder management, business requirements, Tableau, data warehousing, SSRS, regression, ETL, Power BI, SQL, DAX, Python, dimensional modeling, SQL, dashboard design, Looker

EXPERIENCE
BI Developer | ApexInsight | 2018-Present
- Built and maintained dashboards tracking 30 KPIs for 2 stakeholder teams.
- Automated reporting workflows with SQL, saving 20 hours per week.
- Improved data quality by 17% through validation checks and anomaly detection.

EDUCATION
Bachelor of Science | Institute of Technology | 2018",Business Intelligence Analyst
"Aarav Chandra
aaravchandra188@examplemail.com | (555) 010-0188

SUMMARY
Business Intelligence Analyst with 3 years of experience at CloudPeak, specializing in business intelligence analyst work.

SKILLS
Spark, SSRS, ETL, stakeholder management, Databricks, data pipelines, Power BI, data governance, DAX, data warehousing, TensorFlow, SQL, reporting, Tableau, business requirements

EXPERIENCE
Business Intelligence Analyst | CloudPeak | 2023-Present
- Built and maintained dashboards tracking 27 KPIs for 6 stakeholder teams.
- Automated reporting workflows with Excel, saving 11 hours per week.
- Improved data quality by 35% through validation checks and anomaly detection.

EDUCATION
Bachelor of Science | Institute of Technology | 2014",Business Intelligence Analyst
"Anika Kulkarni
anikakulkarni189@examplemail.com | (555) 010-0189

SUMMARY
BI Developer with 1 years of experience at TechNova Solutions, specializing in business intelligence analyst work.

SKILLS
SSRS, Power BI, scikit-learn, dashboard design, stakeholder management, Looker, dimensional modeling, Python, data warehousing, data governance, reporting, Tableau, business requirements

EXPERIENCE
BI Developer | TechNova Solutions | 2022-Present
- Built and maintained dashboards tracking 16 KPIs for 4 stakeholder teams.
- Automated reporting workflows with SQL, saving 20 hours per week.
- Improved data quality by 26% through validation checks and anomaly detection.

EDUCATION
Bachelor of Science | Central State Institute | 2020",Business Intelligence Analyst
"Sneha Agarwal
snehaagarwal190@examplemail.com | (555) 010-0190

SUMMARY
Business Intelligence Analyst with 4 years of experience at BlueOrbit Data, specializing in business intelligence analyst work.

SKILLS
stakeholder management, Power BI, statistical analysis, dashboard design, ETL, SSRS, data cleaning, Tableau, SQL, dimensional modeling, data governance, data warehousing, DAX

EXPERIENCE
Business Intelligence Analyst | BlueOrbit Data | 2019-Present
- Built and maintained dashboards tracking 16 KPIs for 5 stakeholder teams.
- Automated reporting workflows with SQL, saving 5 hours per week.
- Improved data quality by 19% through validation checks and anomaly detection.

EDUCATION
Bachelor of Science | Central State Institute | 2014",Business Intelligence Analyst
"Aarav Nair
aaravnair191@examplemail.com | (555) 010-0191

SUMMARY
Business Intelligence Analyst with 1 years of experience at BlueOrbit Data, specializing in business intelligence analyst work.

SKILLS
stakeholder management, SQL, data warehousing, Power BI, PyTorch, DAX, statistical modeling, KPIs, dimensional modeling, Tableau, NumPy, Looker, SSRS, dashboard design, business requirements, data governance

EXPERIENCE
Business Intelligence Analyst | BlueOrbit Data | 2020-Present
- Built and maintained dashboards tracking 15 KPIs for 6 stakeholder teams.
- Automated reporting workflows with Python, saving 19 hours per week.
- Improved data quality by 18% through validation checks and anomaly detection.

EDUCATION
Bachelor of Science | Metropolitan College | 2015",Business Intelligence Analyst
"Arjun Patel
arjunpatel192@examplemail.com | (555) 010-0192

SUMMARY
BI Analyst with 6 years of experience at BrightSpark Analytics, specializing in business intelligence analyst work.

SKILLS
dashboard design, SSRS, dbt, stakeholder management, business requirements, model deployment, Power BI, Looker, SQL, DAX, SQL, ETL, regression, Tableau, data warehousing

EXPERIENCE
BI Analyst | BrightSpark Analytics | 2018-Present
- Built and maintained dashboards tracking 20 KPIs for 2 stakeholder teams.
- Automated reporting workflows with Python, saving 8 hours per week.
- Improved data quality by 19% through validation checks and anomaly detection.

EDUCATION
Bachelor of Science | Metropolitan College | 2017",Business Intelligence Analyst
"Anika Nair
anikanair193@examplemail.com | (555) 010-0193

SUMMARY
BI Analyst with 4 years of experience at PrimeSight, specializing in business intelligence analyst work.

SKILLS
business requirements, ETL, dashboard design, Power BI, data governance, DAX, stakeholder management, dimensional modeling, Tableau, ETL, model deployment, Looker

EXPERIENCE
BI Analyst | PrimeSight | 2018-Present
- Built and maintained dashboards tracking 9 KPIs for 5 stakeholder teams.
- Automated reporting workflows with SQL, saving 17 hours per week.
- Improved data quality by 21% through validation checks and anomaly detection.

EDUCATION
Bachelor of Science | Metropolitan College | 2016",Business Intelligence Analyst
"Ishita Verma
ishitaverma194@examplemail.com | (555) 010-0194

SUMMARY
BI Developer with 1 years of experience at QuantumMetrics, specializing in business intelligence analyst work.

SKILLS
Tableau, model evaluation, SQL, DAX, reporting, data warehousing, Airflow, data governance, dimensional modeling, SSRS, business requirements, Snowflake, data quality

EXPERIENCE
BI Developer | QuantumMetrics | 2019-Present
- Built and maintained dashboards tracking 5 KPIs for 5 stakeholder teams.
- Automated reporting workflows with Excel, saving 13 hours per week.
- Improved data quality by 23% through validation checks and anomaly detection.

EDUCATION
Bachelor of Science | National University | 2018",Business Intelligence Analyst
"Aditya Khan
adityakhan195@examplemail.com | (555) 010-0195

SUMMARY
Business Intelligence Analyst with 6 years of experience at CloudPeak, specializing in business intelligence analyst work.

SKILLS
Tableau, DAX, dashboard design, SQL, SQL, stakeholder management, business requirements, SSRS, data warehousing, AWS, ETL, Power BI

EXPERIENCE
Business Intelligence Analyst | CloudPeak | 2020-Present
- Built and maintained dashboards tracking 25 KPIs for 3 stakeholder teams.
- Automated reporting workflows with Python, saving 8 hours per week.
- Improved data quality by 34% through validation checks and anomaly detection.

EDUCATION
Bachelor of Science | Institute of Technology | 2017",Business Intelligence Analyst
"Rahul Verma
rahulverma196@examplemail.com | (555) 010-0196

SUMMARY
BI Developer with 3 years of experience at ApexInsight, specializing in business intelligence analyst work.

SKILLS
Tableau, data governance, Tableau, Power BI, SSRS, stakeholder management, dimensional modeling, SQL, dashboard design, ETL, business requirements, deep learning, ETL, data warehousing

EXPERIENCE
BI Developer | ApexInsight | 2023-Present
- Built and maintained dashboards tracking 21 KPIs for 2 stakeholder teams.
- Automated reporting workflows with Excel, saving 11 hours per week.
- Improved data quality by 34% through validation checks and anomaly detection.

EDUCATION
Bachelor of Science | National University | 2015",Business Intelligence Analyst
"Sneha Gupta
snehagupta197@examplemail.com | (555) 010-0197

SUMMARY
Business Intelligence Analyst with 1 years of experience at BlueOrbit Data, specializing in business intelligence analyst work.

SKILLS
ETL, SSRS, model evaluation, SQL, dashboard design, data pipelines, dimensional modeling, NumPy, Power BI, MLflow, Tableau, data governance, data warehousing, business requirements

EXPERIENCE
Business Intelligence Analyst | BlueOrbit Data | 2020-Present
- Built and maintained dashboards tracking 8 KPIs for 3 stakeholder teams.
- Automated reporting workflows with Python, saving 20 hours per week.
- Improved data quality by 21% through validation checks and anomaly detection.

EDUCATION
Bachelor of Science | Metropolitan College | 2019",Business Intelligence Analyst
"Ishita Khan
ishitakhan198@examplemail.com | (555) 010-0198

SUMMARY
BI Developer with 4 years of experience at PrimeSight, specializing in business intelligence analyst work.

SKILLS
DAX, Power BI, SQL, Tableau, dimensional modeling, reporting, data governance, dashboard design, data warehousing, Looker, SQL, business requirements, pivot tables, stakeholder reporting

EXPERIENCE
BI Developer | PrimeSight | 2023-Present
- Built and maintained dashboards tracking 8 KPIs for 4 stakeholder teams.
- Automated reporting workflows with Python, saving 7 hours per week.
- Improved data quality by 19% through validation checks and anomaly detection.

EDUCATION
Bachelor of Science | Central State Institute | 2014",Business Intelligence Analyst
"Sneha Iyer
snehaiyer199@examplemail.com | (555) 010-0199

SUMMARY
BI Developer with 3 years of experience at ApexInsight, specializing in business intelligence analyst work.

SKILLS
data cleaning, stakeholder management, data warehousing, business requirements, dimensional modeling, Tableau, Looker, data governance, SSRS, Power BI, pandas, ETL, Docker

EXPERIENCE
BI Developer | ApexInsight | 2019-Present
- Built and maintained dashboards tracking 10 KPIs for 6 stakeholder teams.
- Automated reporting workflows with Python, saving 8 hours per week.
- Improved data quality by 39% through validation checks and anomaly detection.

EDUCATION
Bachelor of Science | Institute of Technology | 2018",Business Intelligence Analyst
"Manoj Agarwal
manojagarwal200@examplemail.com | (555) 010-0200

SUMMARY
BI Analyst with 5 years of experience at BrightSpark Analytics, specializing in business intelligence analyst work.

SKILLS
Power BI, business requirements, reporting, Kubernetes, DAX, data warehousing, Looker, Tableau, data governance, SSRS, dimensional modeling, A/B testing, dashboard design, TensorFlow, SQL

EXPERIENCE
BI Analyst | BrightSpark Analytics | 2022-Present
- Built and maintained dashboards tracking 28 KPIs for 4 stakeholder teams.
- Automated reporting workflows with Excel, saving 19 hours per week.
- Improved data quality by 17% through validation checks and anomaly detection.

EDUCATION
Bachelor of Science | Central State Institute | 2017",Business Intelligence Analyst
"Meera Chandra
meerachandra201@examplemail.com | (555) 010-0201

SUMMARY
Business Intelligence Analyst with 4 years of experience at CloudPeak, specializing in business intelligence analyst work.

SKILLS
business requirements, DAX, Looker, SQL, Tableau, data warehousing, feature engineering, SSRS, dimensional modeling, deep learning, data governance, SQL, Power BI

EXPERIENCE
Business Intelligence Analyst | CloudPeak | 2024-Present
- Built and maintained dashboards tracking 28 KPIs for 5 stakeholder teams.
- Automated reporting workflows with SQL, saving 13 hours per week.
- Improved data quality by 34% through validation checks and anomaly detection.

EDUCATION
Bachelor of Science | State University | 2020",Business Intelligence Analyst
"Farhan Singh
farhansingh202@examplemail.com | (555) 010-0202

SUMMARY
BI Developer with 1 years of experience at BrightSpark Analytics, specializing in business intelligence analyst work.

SKILLS
data warehousing, DAX, SQL, Excel, data governance, business requirements, Looker, Power BI, dashboard design, dbt, Tableau, stakeholder management, SSRS, statistical analysis, dimensional modeling

EXPERIENCE
BI Developer | BrightSpark Analytics | 2020-Present
- Built and maintained dashboards tracking 26 KPIs for 6 stakeholder teams.
- Automated reporting workflows with SQL, saving 19 hours per week.
- Improved data quality by 16% through validation checks and anomaly detection.

EDUCATION
Bachelor of Science | National University | 2019",Business Intelligence Analyst
"Kavya Agarwal
kavyaagarwal203@examplemail.com | (555) 010-0203

SUMMARY
BI Developer with 6 years of experience at BlueOrbit Data, specializing in business intelligence analyst work.

SKILLS
data warehousing, dashboard design, stakeholder management, TensorFlow, Power BI, dimensional modeling, Looker, MLOps, data governance, DAX, business requirements, ETL, Power BI, DAX, Python

EXPERIENCE
BI Developer | BlueOrbit Data | 2022-Present
- Built and maintained dashboards tracking 22 KPIs for 6 stakeholder teams.
- Automated reporting workflows with Excel, saving 20 hours per week.
- Improved data quality by 25% through validation checks and anomaly detection.

EDUCATION
Bachelor of Science | Metropolitan College | 2020",Business Intelligence Analyst
"Ananya Patel
ananyapatel204@examplemail.com | (555) 010-0204

SUMMARY
Business Intelligence Analyst with 5 years of experience at Nexalytics, specializing in business intelligence analyst work.

SKILLS
stakeholder management, data warehousing, data governance, SQL, SSRS, dbt, dashboard design, dimensional modeling, Excel, GCP, Tableau, business requirements, deep learning, ETL, Power BI, DAX

EXPERIENCE
Business Intelligence Analyst | Nexalytics | 2019-Present
- Built and maintained dashboards tracking 7 KPIs for 2 stakeholder teams.
- Automated reporting workflows with SQL, saving 8 hours per week.
- Improved data quality by 20% through validation checks and anomaly detection.

EDUCATION
Bachelor of Science | Metropolitan College | 2014",Business Intelligence Analyst
"Ritu Kulkarni
ritukulkarni205@examplemail.com | (555) 010-0205

SUMMARY
BI Developer with 6 years of experience at TechNova Solutions, specializing in business intelligence analyst work.

SKILLS
stakeholder management, dashboard design, ETL, XGBoost, DAX, statistical analysis, Power BI, dimensional modeling, GCP, Looker, business requirements, SSRS, MLflow, data governance, regression, SQL

EXPERIENCE
BI Developer | TechNova Solutions | 2020-Present
- Built and maintained dashboards tracking 30 KPIs for 2 stakeholder teams.
- Automated reporting workflows with Excel, saving 11 hours per week.
- Improved data quality by 19% through validation checks and anomaly detection.

EDUCATION
Bachelor of Science | National University | 2014",Business Intelligence Analyst
"Meera Singh
meerasingh206@examplemail.com | (555) 010-0206

SUMMARY
BI Developer with 6 years of experience at CloudPeak, specializing in business intelligence analyst work.

SKILLS
business requirements, data validation, stakeholder reporting, Tableau, SSRS, stakeholder management, ETL, SQL, Power BI, AWS, SQL, data warehousing, pandas

EXPERIENCE
BI Developer | CloudPeak | 2023-Present
- Built and maintained dashboards tracking 29 KPIs for 6 stakeholder teams.
- Automated reporting workflows with Python, saving 5 hours per week.
- Improved data quality by 30% through validation checks and anomaly detection.

EDUCATION
Bachelor of Science | Central State Institute | 2018",Business Intelligence Analyst
"Ananya Agarwal
ananyaagarwal207@examplemail.com | (555) 010-0207

SUMMARY
Business Intelligence Analyst with 3 years of experience at CloudPeak, specializing in business intelligence analyst work.

SKILLS
Tableau, data warehousing, DAX, SQL, SSRS, stakeholder management, ETL, data validation, business requirements, model evaluation, dimensional modeling, dashboard design, Databricks, Snowflake, Power BI, regression, Looker

EXPERIENCE
Business Intelligence Analyst | CloudPeak | 2023-Present
- Built and maintained dashboards tracking 19 KPIs for 5 stakeholder teams.
- Automated reporting workflows with Excel, saving 18 hours per week.
- Improved data quality by 23% through validation checks and anomaly detection.

EDUCATION
Bachelor of Science | National University | 2014",Business Intelligence Analyst
"Arjun Gupta
arjungupta208@examplemail.com | (555) 010-0208

SUMMARY
BI Analyst with 5 years of experience at QuantumMetrics, specializing in business intelligence analyst work.

SKILLS
business requirements, data governance, stakeholder management, REST APIs, DAX, SSRS, dashboard design, regression, Power BI, data warehousing, SQL, Looker

EXPERIENCE
BI Analyst | QuantumMetrics | 2018-Present
- Built and maintained dashboards tracking 26 KPIs for 6 stakeholder teams.
- Automated reporting workflows with Excel, saving 13 hours per week.
- Improved data quality by 25% through validation checks and anomaly detection.

EDUCATION
Bachelor of Science | Institute of Technology | 2015",Business Intelligence Analyst
"Anika Iyer
anikaiyer209@examplemail.com | (555) 010-0209

SUMMARY
BI Developer with 3 years of experience at BrightSpark Analytics, specializing in business intelligence analyst work.

SKILLS
stakeholder management, Databricks, SSRS, Tableau, DAX, deep learning, SQL, data governance, dimensional modeling, Tableau, Power BI, data warehousing, Looker, business requirements, MLflow, R

EXPERIENCE
BI Developer | BrightSpark Analytics | 2024-Present
- Built and maintained dashboards tracking 5 KPIs for 6 stakeholder teams.
- Automated reporting workflows with Python, saving 6 hours per week.
- Improved data quality by 32% through validation checks and anomaly detection.

EDUCATION
Bachelor of Science | Metropolitan College | 2019",Business Intelligence Analyst
"Divya Joshi
divyajoshi210@examplemail.com | (555) 010-0210

SUMMARY
Business Intelligence Analyst with 3 years of experience at BlueOrbit Data, specializing in business intelligence analyst work.

SKILLS
Looker, data governance, dimensional modeling, Python, Kafka, pivot tables, data warehousing, stakeholder management, ETL, SSRS, Power BI, Tableau, dashboard design, DAX

EXPERIENCE
Business Intelligence Analyst | BlueOrbit Data | 2020-Present
- Built and maintained dashboards tracking 27 KPIs for 5 stakeholder teams.
- Automated reporting workflows with Python, saving 10 hours per week.
- Improved data quality by 32% through validation checks and anomaly detection.

EDUCATION
Bachelor of Science | National University | 2018",Business Intelligence Analyst
"Rahul Verma
rahulverma211@examplemail.com | (555) 010-0211

SUMMARY
BI Developer with 3 years of experience at Nexalytics, specializing in business intelligence analyst work.

SKILLS
DAX, ETL, business requirements, regression, data warehousing, XGBoost, pivot tables, A/B testing, stakeholder management, dashboard design, SSRS, SQL, dimensional modeling, Tableau, Power BI, Looker

EXPERIENCE
BI Developer | Nexalytics | 2021-Present
- Built and maintained dashboards tracking 11 KPIs for 2 stakeholder teams.
- Automated reporting workflows with SQL, saving 16 hours per week.
- Improved data quality by 15% through validation checks and anomaly detection.

EDUCATION
Bachelor of Science | Central State Institute | 2017",Business Intelligence Analyst
"Varun Nair
varunnair212@examplemail.com | (555) 010-0212

SUMMARY
BI Developer with 4 years of experience at TechNova Solutions, specializing in business intelligence analyst work.

SKILLS
NumPy, dashboard design, business requirements, Tableau, pivot tables, ETL, SQL, data cleaning, DAX, Looker, stakeholder management, data warehousing, Power BI, dimensional modeling, data governance, SSRS

EXPERIENCE
BI Developer | TechNova Solutions | 2020-Present
- Built and maintained dashboards tracking 9 KPIs for 5 stakeholder teams.
- Automated reporting workflows with Python, saving 11 hours per week.
- Improved data quality by 36% through validation checks and anomaly detection.

EDUCATION
Bachelor of Science | State University | 2019",Business Intelligence Analyst
"Lakshmi Mehta
lakshmimehta213@examplemail.com | (555) 010-0213

SUMMARY
Business Intelligence Analyst with 5 years of experience at Nexalytics, specializing in business intelligence analyst work.

SKILLS
SQL, SSRS, Power BI, PyTorch, dashboard design, data governance, SQL, DAX, Looker, ETL, business requirements

EXPERIENCE
Business Intelligence Analyst | Nexalytics | 2020-Present
- Built and maintained dashboards tracking 6 KPIs for 2 stakeholder teams.
- Automated reporting workflows with SQL, saving 12 hours per week.
- Improved data quality by 25% through validation checks and anomaly detection.

EDUCATION
Bachelor of Science | Institute of Technology | 2018",Business Intelligence Analyst
"Lakshmi Patel
lakshmipatel214@examplemail.com | (555) 010-0214

SUMMARY
BI Developer with 3 years of experience at TechNova Solutions, specializing in business intelligence analyst work.

SKILLS
Tableau, TensorFlow, schema design, pivot tables, reporting, data warehousing, ETL, dimensional modeling, Power BI, SQL, Looker, stakeholder management, business requirements, dashboard design, DAX, data governance

EXPERIENCE
BI Developer | TechNova Solutions | 2019-Present
- Built and maintained dashboards tracking 24 KPIs for 4 stakeholder teams.
- Automated reporting workflows with Excel, saving 15 hours per week.
- Improved data quality by 23% through validation checks and anomaly detection.

EDUCATION
Bachelor of Science | Metropolitan College | 2016",Business Intelligence Analyst
"Neha Agarwal
nehaagarwal215@examplemail.com | (555) 010-0215

SUMMARY
BI Developer with 2 years of experience at InsightWorks, specializing in business intelligence analyst work.

SKILLS
Power BI, business requirements, stakeholder management, A/B testing, ETL, Tableau, Power BI, Looker, DAX, SQL, data quality, dashboard design, SSRS, SQL, data governance, MLflow

EXPERIENCE
BI Developer | InsightWorks | 2018-Present
- Built and maintained dashboards tracking 28 KPIs for 6 stakeholder teams.
- Automated reporting workflows with SQL, saving 11 hours per week.
- Improved data quality by 28% through validation checks and anomaly detection.

EDUCATION
Bachelor of Science | Central State Institute | 2018",Business Intelligence Analyst
"Varun Gupta
varungupta216@examplemail.com | (555) 010-0216

SUMMARY
BI Analyst with 2 years of experience at Nexalytics, specializing in business intelligence analyst work.

SKILLS
DAX, business requirements, Tableau, Power BI, dashboard design, ETL, data warehousing, data governance, SQL, pivot tables, Looker, SSRS, Excel, TensorFlow

EXPERIENCE
BI Analyst | Nexalytics | 2018-Present
- Built and maintained dashboards tracking 6 KPIs for 4 stakeholder teams.
- Automated reporting workflows with SQL, saving 6 hours per week.
- Improved data quality by 33% through validation checks and anomaly detection.

EDUCATION
Bachelor of Science | State University | 2018",Business Intelligence Analyst
"Anika Singh
anikasingh217@examplemail.com | (555) 010-0217

SUMMARY
Business Intelligence Analyst with 4 years of experience at DataBridge Labs, specializing in business intelligence analyst work.

SKILLS
MLflow, hypothesis testing, Power BI, dimensional modeling, SSRS, DAX, business requirements, Looker, Tableau, A/B testing, stakeholder management, dashboard design

EXPERIENCE
Business Intelligence Analyst | DataBridge Labs | 2024-Present
- Built and maintained dashboards tracking 20 KPIs for 4 stakeholder teams.
- Automated reporting workflows with Excel, saving 18 hours per week.
- Improved data quality by 12% through validation checks and anomaly detection.

EDUCATION
Bachelor of Science | National University | 2017",Business Intelligence Analyst
"Ishita Gupta
ishitagupta218@examplemail.com | (555) 010-0218

SUMMARY
BI Analyst with 3 years of experience at Nexalytics, specializing in business intelligence analyst work.

SKILLS
DAX, Looker, dashboard design, TensorFlow, data governance, statistical modeling, SSRS, business requirements, data warehousing, SQL

EXPERIENCE
BI Analyst | Nexalytics | 2018-Present
- Built and maintained dashboards tracking 23 KPIs for 2 stakeholder teams.
- Automated reporting workflows with Excel, saving 7 hours per week.
- Improved data quality by 39% through validation checks and anomaly detection.

EDUCATION
Bachelor of Science | National University | 2018",Business Intelligence Analyst
"Sneha Chandra
snehachandra219@examplemail.com | (555) 010-0219

SUMMARY
Business Intelligence Analyst with 6 years of experience at Nexalytics, specializing in business intelligence analyst work.

SKILLS
SSRS, ETL, SQL, DAX, model evaluation, data warehousing, stakeholder management, pivot tables, dimensional modeling, business requirements, dashboard design, Power BI, Tableau, data governance

EXPERIENCE
Business Intelligence Analyst | Nexalytics | 2021-Present
- Built and maintained dashboards tracking 8 KPIs for 5 stakeholder teams.
- Automated reporting workflows with Excel, saving 5 hours per week.
- Improved data quality by 10% through validation checks and anomaly detection.

EDUCATION
Bachelor of Science | State University | 2014",Business Intelligence Analyst
"Aarav Gupta
aaravgupta220@examplemail.com | (555) 010-0220

SUMMARY
BI Developer with 1 years of experience at PrimeSight, specializing in business intelligence analyst work.

SKILLS
SQL, Looker, ETL, DAX, stakeholder management, Power Query, data warehousing, dimensional modeling, Power BI, SQL, SSRS, reporting, data governance, business requirements

EXPERIENCE
BI Developer | PrimeSight | 2018-Present
- Built and maintained dashboards tracking 14 KPIs for 5 stakeholder teams.
- Automated reporting workflows with Python, saving 20 hours per week.
- Improved data quality by 23% through validation checks and anomaly detection.

EDUCATION
Bachelor of Science | National University | 2014",Business Intelligence Analyst
"Ananya Khan
ananyakhan221@examplemail.com | (555) 010-0221

SUMMARY
Business Intelligence Analyst with 4 years of experience at PrimeSight, specializing in business intelligence analyst work.

SKILLS
data governance, ETL, SSRS, DAX, statistical analysis, SQL, dimensional modeling, Looker, Spark, Power BI

EXPERIENCE
Business Intelligence Analyst | PrimeSight | 2023-Present
- Built and maintained dashboards tracking 20 KPIs for 6 stakeholder teams.
- Automated reporting workflows with Excel, saving 20 hours per week.
- Improved data quality by 17% through validation checks and anomaly detection.

EDUCATION
Bachelor of Science | National University | 2014",Business Intelligence Analyst
"Nikhil Sharma
nikhilsharma222@examplemail.com | (555) 010-0222

SUMMARY
Business Intelligence Analyst with 6 years of experience at Nexalytics, specializing in business intelligence analyst work.

SKILLS
DAX, SQL, Tableau, ETL, data governance, data warehousing, SSRS, Looker, data cleaning, statistical modeling, stakeholder management, business requirements, dimensional modeling, dashboard design

EXPERIENCE
Business Intelligence Analyst | Nexalytics | 2021-Present
- Built and maintained dashboards tracking 27 KPIs for 5 stakeholder teams.
- Automated reporting workflows with SQL, saving 16 hours per week.
- Improved data quality by 35% through validation checks and anomaly detection.

EDUCATION
Bachelor of Science | Central State Institute | 2020",Business Intelligence Analyst
"Ananya Mehta
ananyamehta223@examplemail.com | (555) 010-0223

SUMMARY
BI Developer with 1 years of experience at QuantumMetrics, specializing in business intelligence analyst work.

SKILLS
stakeholder management, Tableau, MLOps, business requirements, data warehousing, data governance, dimensional modeling, Looker, ETL, DAX, Power BI, Excel, SSRS, Tableau

EXPERIENCE
BI Developer | QuantumMetrics | 2024-Present
- Built and maintained dashboards tracking 22 KPIs for 3 stakeholder teams.
- Automated reporting workflows with SQL, saving 13 hours per week.
- Improved data quality by 20% through validation checks and anomaly detection.

EDUCATION
Bachelor of Science | State University | 2016",Business Intelligence Analyst
"Priya Joshi
priyajoshi224@examplemail.com | (555) 010-0224

SUMMARY
BI Developer with 6 years of experience at InsightWorks, specializing in business intelligence analyst work.

SKILLS
SSRS, Tableau, data governance, dimensional modeling, MLOps, dashboard design, SQL, Power BI, data warehousing, business requirements

EXPERIENCE
BI Developer | InsightWorks | 2024-Present
- Built and maintained dashboards tracking 14 KPIs for 5 stakeholder teams.
- Automated reporting workflows with Excel, saving 20 hours per week.
- Improved data quality by 33% through validation checks and anomaly detection.

EDUCATION
Bachelor of Science | Central State Institute | 2014",Business Intelligence Analyst
"Vikram Verma
vikramverma225@examplemail.com | (555) 010-0225

SUMMARY
BI Analyst with 4 years of experience at BrightSpark Analytics, specializing in business intelligence analyst work.

SKILLS
SQL, machine learning, SSRS, dimensional modeling, Tableau, stakeholder management, NumPy, Power BI, DAX, data warehousing, Looker

EXPERIENCE
BI Analyst | BrightSpark Analytics | 2018-Present
- Built and maintained dashboards tracking 18 KPIs for 5 stakeholder teams.
- Automated reporting workflows with Excel, saving 16 hours per week.
- Improved data quality by 40% through validation checks and anomaly detection.

EDUCATION
Bachelor of Science | Institute of Technology | 2017",Business Intelligence Analyst
"Vikram Sharma
vikramsharma226@examplemail.com | (555) 010-0226

SUMMARY
BI Analyst with 5 years of experience at BlueOrbit Data, specializing in business intelligence analyst work.

SKILLS
Looker, schema design, stakeholder management, business requirements, dimensional modeling, SSRS, dashboard design, Python, data warehousing, model evaluation, ETL, Power BI, Tableau, feature engineering

EXPERIENCE
BI Analyst | BlueOrbit Data | 2020-Present
- Built and maintained dashboards tracking 24 KPIs for 6 stakeholder teams.
- Automated reporting workflows with Excel, saving 19 hours per week.
- Improved data quality by 32% through validation checks and anomaly detection.

EDUCATION
Bachelor of Science | State University | 2020",Business Intelligence Analyst
"Farhan Singh
farhansingh227@examplemail.com | (555) 010-0227

SUMMARY
BI Analyst with 3 years of experience at CloudPeak, specializing in business intelligence analyst work.

SKILLS
Tableau, Power BI, SQL, scikit-learn, Looker, Spark, data warehousing, stakeholder management, Kubernetes, Kafka, dashboard design, dimensional modeling

EXPERIENCE
BI Analyst | CloudPeak | 2024-Present
- Built and maintained dashboards tracking 13 KPIs for 6 stakeholder teams.
- Automated reporting workflows with SQL, saving 8 hours per week.
- Improved data quality by 11% through validation checks and anomaly detection.

EDUCATION
Bachelor of Science | Metropolitan College | 2019",Business Intelligence Analyst
"Sneha Bose
snehabose228@examplemail.com | (555) 010-0228

SUMMARY
BI Developer with 1 years of experience at QuantumMetrics, specializing in business intelligence analyst work.

SKILLS
A/B testing of models, data governance, dimensional modeling, data warehousing, dashboard design, Spark, SSRS, ETL, Looker, DAX, data warehousing, AWS

EXPERIENCE
BI Developer | QuantumMetrics | 2018-Present
- Built and maintained dashboards tracking 9 KPIs for 5 stakeholder teams.
- Automated reporting workflows with SQL, saving 7 hours per week.
- Improved data quality by 12% through validation checks and anomaly detection.

EDUCATION
Bachelor of Science | Central State Institute | 2017",Business Intelligence Analyst
"Vikram Agarwal
vikramagarwal229@examplemail.com | (555) 010-0229

SUMMARY
BI Analyst with 4 years of experience at CloudPeak, specializing in business intelligence analyst work.

SKILLS
dashboard design, ETL, SQL, data governance, SSRS, business requirements, stakeholder management, Python, DAX, Looker, MLflow, SQL, model evaluation, dimensional modeling, Airflow

EXPERIENCE
BI Analyst | CloudPeak | 2022-Present
- Built and maintained dashboards tracking 20 KPIs for 2 stakeholder teams.
- Automated reporting workflows with Excel, saving 10 hours per week.
- Improved data quality by 40% through validation checks and anomaly detection.

EDUCATION
Bachelor of Science | National University | 2016",Business Intelligence Analyst
"Sneha Chandra
snehachandra230@examplemail.com | (555) 010-0230

SUMMARY
Business Intelligence Analyst with 4 years of experience at DataBridge Labs, specializing in business intelligence analyst work.

SKILLS
data warehousing, Power BI, data governance, deep learning, stakeholder management, business requirements, SSRS, AWS, dimensional modeling, dashboard design, Looker, ETL, Tableau, SQL, ETL

EXPERIENCE
Business Intelligence Analyst | DataBridge Labs | 2020-Present
- Built and maintained dashboards tracking 23 KPIs for 4 stakeholder teams.
- Automated reporting workflows with Excel, saving 19 hours per week.
- Improved data quality by 38% through validation checks and anomaly detection.

EDUCATION
Bachelor of Science | State University | 2020",Business Intelligence Analyst
"Sanjay Agarwal
sanjayagarwal231@examplemail.com | (555) 010-0231

SUMMARY
BI Analyst with 5 years of experience at ApexInsight, specializing in business intelligence analyst work.

SKILLS
stakeholder management, Power BI, scikit-learn, SQL, schema design, A/B testing of models, data warehousing, model deployment, Looker, DAX, data governance, dimensional modeling, business requirements, SSRS, Tableau, ETL, Power BI

EXPERIENCE
BI Analyst | ApexInsight | 2023-Present
- Built and maintained dashboards tracking 21 KPIs for 3 stakeholder teams.
- Automated reporting workflows with SQL, saving 5 hours per week.
- Improved data quality by 13% through validation checks and anomaly detection.

EDUCATION
Bachelor of Science | Institute of Technology | 2018",Business Intelligence Analyst
"Ananya Sharma
ananyasharma232@examplemail.com | (555) 010-0232

SUMMARY
BI Analyst with 3 years of experience at QuantumMetrics, specializing in business intelligence analyst work.

SKILLS
Looker, ETL, SSRS, model evaluation, Excel, Databricks, Power BI, dashboard design, data governance, business requirements, Tableau, data warehousing, SQL, dimensional modeling, DAX

EXPERIENCE
BI Analyst | QuantumMetrics | 2018-Present
- Built and maintained dashboards tracking 18 KPIs for 3 stakeholder teams.
- Automated reporting workflows with Python, saving 15 hours per week.
- Improved data quality by 15% through validation checks and anomaly detection.

EDUCATION
Bachelor of Science | Institute of Technology | 2019",Business Intelligence Analyst
"Priya Das
priyadas233@examplemail.com | (555) 010-0233

SUMMARY
Business Intelligence Analyst with 1 years of experience at Nexalytics, specializing in business intelligence analyst work.

SKILLS
Docker, MLflow, ETL, Power BI, Kafka, stakeholder management, SQL, dimensional modeling, Tableau, data warehousing, dashboard design, data governance

EXPERIENCE
Business Intelligence Analyst | Nexalytics | 2022-Present
- Built and maintained dashboards tracking 18 KPIs for 3 stakeholder teams.
- Automated reporting workflows with Python, saving 13 hours per week.
- Improved data quality by 27% through validation checks and anomaly detection.

EDUCATION
Bachelor of Science | State University | 2019",Business Intelligence Analyst
"Sneha Nair
snehanair234@examplemail.com | (555) 010-0234

SUMMARY
Business Intelligence Analyst with 6 years of experience at BlueOrbit Data, specializing in business intelligence analyst work.

SKILLS
stakeholder management, dashboard design, SQL, Tableau, SSRS, Power BI, data governance, TensorFlow, business requirements, ETL, Snowflake, DAX, SQL, data warehousing, dimensional modeling, Looker, data warehousing

EXPERIENCE
Business Intelligence Analyst | BlueOrbit Data | 2021-Present
- Built and maintained dashboards tracking 22 KPIs for 6 stakeholder teams.
- Automated reporting workflows with Python, saving 14 hours per week.
- Improved data quality by 12% through validation checks and anomaly detection.

EDUCATION
Bachelor of Science | Institute of Technology | 2019",Business Intelligence Analyst
"Sneha Khan
snehakhan235@examplemail.com | (555) 010-0235

SUMMARY
Business Intelligence Analyst with 4 years of experience at BlueOrbit Data, specializing in business intelligence analyst work.

SKILLS
Looker, SQL, TensorFlow, data governance, dashboard design, SSRS, dimensional modeling, stakeholder reporting, Tableau, scikit-learn, data warehousing, REST APIs, ETL

EXPERIENCE
Business Intelligence Analyst | BlueOrbit Data | 2018-Present
- Built and maintained dashboards tracking 22 KPIs for 2 stakeholder teams.
- Automated reporting workflows with Excel, saving 7 hours per week.
- Improved data quality by 27% through validation checks and anomaly detection.

EDUCATION
Bachelor of Science | Metropolitan College | 2020",Business Intelligence Analyst
"Lakshmi Bose
lakshmibose236@examplemail.com | (555) 010-0236

SUMMARY
Business Intelligence Analyst with 6 years of experience at DataBridge Labs, specializing in business intelligence analyst work.

SKILLS
business requirements, DAX, data governance, dimensional modeling, pandas, Power Query, data warehousing, SSRS, dashboard design, Python, Power BI, Tableau, SQL, ETL, Spark, Looker

EXPERIENCE
Business Intelligence Analyst | DataBridge Labs | 2022-Present
- Built and maintained dashboards tracking 17 KPIs for 2 stakeholder teams.
- Automated reporting workflows with SQL, saving 20 hours per week.
- Improved data quality by 15% through validation checks and anomaly detection.

EDUCATION
Bachelor of Science | Metropolitan College | 2015",Business Intelligence Analyst
"Lakshmi Gupta
lakshmigupta237@examplemail.com | (555) 010-0237

SUMMARY
BI Analyst with 3 years of experience at DataBridge Labs, specializing in business intelligence analyst work.

SKILLS
Python, business requirements, SQL, ETL, Tableau, DAX, Looker, data warehousing, dashboard design, SQL

EXPERIENCE
BI Analyst | DataBridge Labs | 2022-Present
- Built and maintained dashboards tracking 8 KPIs for 6 stakeholder teams.
- Automated reporting workflows with SQL, saving 20 hours per week.
- Improved data quality by 21% through validation checks and anomaly detection.

EDUCATION
Bachelor of Science | Central State Institute | 2020",Business Intelligence Analyst
"Priya Nair
priyanair238@examplemail.com | (555) 010-0238

SUMMARY
Business Intelligence Analyst with 1 years of experience at TechNova Solutions, specializing in business intelligence analyst work.

SKILLS
data governance, Python, Tableau, Power Query, dashboard design, ETL, dimensional modeling, SQL, SSRS, Looker, data warehousing, DAX, business requirements, Power BI

EXPERIENCE
Business Intelligence Analyst | TechNova Solutions | 2020-Present
- Built and maintained dashboards tracking 20 KPIs for 3 stakeholder teams.
- Automated reporting workflows with SQL, saving 6 hours per week.
- Improved data quality by 36% through validation checks and anomaly detection.

EDUCATION
Bachelor of Science | Metropolitan College | 2018",Business Intelligence Analyst
"Divya Reddy
divyareddy239@examplemail.com | (555) 010-0239

SUMMARY
Business Intelligence Analyst with 5 years of experience at ApexInsight, specializing in business intelligence analyst work.

SKILLS
SSRS, data validation, business requirements, schema design, Tableau, Power BI, ETL, stakeholder management, SQL, DAX, data governance, ETL

EXPERIENCE
Business Intelligence Analyst | ApexInsight | 2022-Present
- Built and maintained dashboards tracking 6 KPIs for 4 stakeholder teams.
- Automated reporting workflows with SQL, saving 17 hours per week.
- Improved data quality by 13% through validation checks and anomaly detection.

EDUCATION
Bachelor of Science | Central State Institute | 2020",Business Intelligence Analyst
"Pooja Nair
poojanair240@examplemail.com | (555) 010-0240

SUMMARY
Data Engineer with 2 years of experience at ApexInsight, specializing in data engineer work.

SKILLS
scikit-learn, SQL, Power Query, Kafka, Snowflake, Python, schema design, data warehousing, Databricks, statistical analysis, deep learning, AWS, Kubernetes, ETL, data pipelines, data quality

EXPERIENCE
Data Engineer | ApexInsight | 2022-Present
- Built and maintained dashboards tracking 30 KPIs for 2 stakeholder teams.
- Automated reporting workflows with Python, saving 9 hours per week.
- Improved data quality by 19% through validation checks and anomaly detection.

EDUCATION
Bachelor of Science | Central State Institute | 2017",Data Engineer
"Nikhil Verma
nikhilverma241@examplemail.com | (555) 010-0241

SUMMARY
Analytics Engineer with 6 years of experience at QuantumMetrics, specializing in data engineer work.

SKILLS
dbt, Python, Kafka, Python, Tableau, Docker, AWS, data warehousing, Databricks, Snowflake, Spark, ETL

EXPERIENCE
Analytics Engineer | QuantumMetrics | 2022-Present
- Built and maintained dashboards tracking 20 KPIs for 5 stakeholder teams.
- Automated reporting workflows with Excel, saving 15 hours per week.
- Improved data quality by 37% through validation checks and anomaly detection.

EDUCATION
Bachelor of Science | Central State Institute | 2018",Data Engineer
"Rohit Das
rohitdas242@examplemail.com | (555) 010-0242

SUMMARY
Data Engineer with 1 years of experience at Nexalytics, specializing in data engineer work.

SKILLS
Airflow, Databricks, stakeholder reporting, PyTorch, GCP, AWS, CI/CD, Python, Python, data quality, Snowflake, schema design, SQL

EXPERIENCE
Data Engineer | Nexalytics | 2019-Present
- Built and maintained dashboards tracking 22 KPIs for 2 stakeholder teams.
- Automated reporting workflows with Python, saving 14 hours per week.
- Improved data quality by 24% through validation checks and anomaly detection.

EDUCATION
Bachelor of Science | Metropolitan College | 2019",Data Engineer
"Varun Verma
varunverma243@examplemail.com | (555) 010-0243

SUMMARY
Data Engineer with 2 years of experience at TechNova Solutions, specializing in data engineer work.

SKILLS
Databricks, data governance, data quality, DAX, SQL, Excel, Kafka, GCP, Airflow, dbt, Spark, schema design

EXPERIENCE
Data Engineer | TechNova Solutions | 2022-Present
- Built and maintained dashboards tracking 16 KPIs for 4 stakeholder teams.
- Automated reporting workflows with Excel, saving 10 hours per week.
- Improved data quality by 40% through validation checks and anomaly detection.

EDUCATION
Bachelor of Science | State University | 2020",Data Engineer
"Anika Chandra
anikachandra244@examplemail.com | (555) 010-0244

SUMMARY
Data Engineer with 2 years of experience at DataBridge Labs, specializing in data engineer work.

SKILLS
data warehousing, Kafka, CI/CD, data warehousing, Databricks, Airflow, Snowflake, schema design, data pipelines, ETL, GCP, Power BI

EXPERIENCE
Data Engineer | DataBridge Labs | 2022-Present
- Built and maintained dashboards tracking 28 KPIs for 2 stakeholder teams.
- Automated reporting workflows with SQL, saving 7 hours per week.
- Improved data quality by 15% through validation checks and anomaly detection.

EDUCATION
Bachelor of Science | State University | 2017",Data Engineer
"Farhan Verma
farhanverma245@examplemail.com | (555) 010-0245

SUMMARY
Senior Data Engineer with 5 years of experience at PrimeSight, specializing in data engineer work.

SKILLS
Kafka, schema design, AWS, ETL, Snowflake, SSRS, data quality, Spark, data warehousing, deep learning, dbt, feature stores, Power BI, GCP

EXPERIENCE
Senior Data Engineer | PrimeSight | 2022-Present
- Built and maintained dashboards tracking 7 KPIs for 3 stakeholder teams.
- Automated reporting workflows with Python, saving 14 hours per week.
- Improved data quality by 24% through validation checks and anomaly detection.

EDUCATION
Bachelor of Science | Central State Institute | 2016",Data Engineer
"Divya Patel
divyapatel246@examplemail.com | (555) 010-0246

SUMMARY
Analytics Engineer with 1 years of experience at PrimeSight, specializing in data engineer work.

SKILLS
Databricks, Python, data warehousing, data pipelines, Spark, DAX, schema design, Airflow, Kafka, AWS, ETL, data quality

EXPERIENCE
Analytics Engineer | PrimeSight | 2019-Present
- Built and maintained dashboards tracking 8 KPIs for 2 stakeholder teams.
- Automated reporting workflows with SQL, saving 6 hours per week.
- Improved data quality by 27% through validation checks and anomaly detection.

EDUCATION
Bachelor of Science | Central State Institute | 2016",Data Engineer
"Arjun Kulkarni
arjunkulkarni247@examplemail.com | (555) 010-0247

SUMMARY
Analytics Engineer with 6 years of experience at QuantumMetrics, specializing in data engineer work.

SKILLS
deep learning, GCP, feature stores, data warehousing, ETL, data pipelines, dbt, ETL, Spark, Python, data warehousing, schema design, feature engineering, Databricks, Airflow

EXPERIENCE
Analytics Engineer | QuantumMetrics | 2019-Present
- Built and maintained dashboards tracking 19 KPIs for 4 stakeholder teams.
- Automated reporting workflows with Python, saving 15 hours per week.
- Improved data quality by 37% through validation checks and anomaly detection.

EDUCATION
Bachelor of Science | Metropolitan College | 2017",Data Engineer
"Manoj Chandra
manojchandra248@examplemail.com | (555) 010-0248

SUMMARY
Senior Data Engineer with 4 years of experience at CloudPeak, specializing in data engineer work.

SKILLS
Snowflake, Spark, data warehousing, SQL, Kafka, AWS, schema design, Python, dbt, Databricks, data pipelines, ETL, Power BI, data quality, model evaluation

EXPERIENCE
Senior Data Engineer | CloudPeak | 2021-Present
- Built and maintained dashboards tracking 11 KPIs for 5 stakeholder teams.
- Automated reporting workflows with Python, saving 17 hours per week.
- Improved data quality by 16% through validation checks and anomaly detection.

EDUCATION
Bachelor of Science | National University | 2014",Data Engineer
"Rohit Bose
rohitbose249@examplemail.com | (555) 010-0249

SUMMARY
Data Engineer with 4 years of experience at QuantumMetrics, specializing in data engineer work.

SKILLS
data validation, Databricks, ETL, AWS, Spark, Snowflake, experimental design, GCP, data warehousing, statistical modeling, Python

EXPERIENCE
Data Engineer | QuantumMetrics | 2021-Present
- Built and maintained dashboards tracking 17 KPIs for 3 stakeholder teams.
- Automated reporting workflows with Python, saving 9 hours per week.
- Improved data quality by 27% through validation checks and anomaly detection.

EDUCATION
Bachelor of Science | State University | 2017",Data Engineer
"Neha Reddy
nehareddy250@examplemail.com | (555) 010-0250

SUMMARY
Data Engineer with 3 years of experience at Nexalytics, specializing in data engineer work.

SKILLS
Python, SQL, ETL, dbt, AWS, ETL, Power Query, Airflow, Spark, GCP, Snowflake, machine learning, data quality, data pipelines

EXPERIENCE
Data Engineer | Nexalytics | 2022-Present
- Built and maintained dashboards tracking 25 KPIs for 5 stakeholder teams.
- Automated reporting workflows with SQL, saving 14 hours per week.
- Improved data quality by 22% through validation checks and anomaly detection.

EDUCATION
Bachelor of Science | Institute of Technology | 2020",Data Engineer
"Ananya Chandra
ananyachandra251@examplemail.com | (555) 010-0251

SUMMARY
Analytics Engineer with 2 years of experience at CloudPeak, specializing in data engineer work.

SKILLS
ETL, Tableau, data validation, Snowflake, data warehousing, AWS, DAX, GCP, SQL, data pipelines, Databricks, schema design, Python, Spark, A/B testing of models

EXPERIENCE
Analytics Engineer | CloudPeak | 2018-Present
- Built and maintained dashboards tracking 13 KPIs for 3 stakeholder teams.
- Automated reporting workflows with Excel, saving 6 hours per week.
- Improved data quality by 24% through validation checks and anomaly detection.

EDUCATION
Bachelor of Science | Institute of Technology | 2014",Data Engineer
"Farhan Bose
farhanbose252@examplemail.com | (555) 010-0252

SUMMARY
Analytics Engineer with 2 years of experience at Nexalytics, specializing in data engineer work.

SKILLS
Python, SQL, dbt, AWS, Airflow, MLOps, data quality, schema design, Kafka, data validation, ETL, pivot tables, data pipelines, A/B testing of models, TensorFlow, Spark

EXPERIENCE
Analytics Engineer | Nexalytics | 2021-Present
- Built and maintained dashboards tracking 7 KPIs for 2 stakeholder teams.
- Automated reporting workflows with Excel, saving 13 hours per week.
- Improved data quality by 14% through validation checks and anomaly detection.

EDUCATION
Bachelor of Science | Metropolitan College | 2016",Data Engineer
"Ananya Mehta
ananyamehta253@examplemail.com | (555) 010-0253

SUMMARY
Data Engineer with 2 years of experience at TechNova Solutions, specializing in data engineer work.

SKILLS
Snowflake, Python, Databricks, schema design, dbt, dimensional modeling, ETL, Airflow, AWS, SQL, Tableau, GCP, data pipelines

EXPERIENCE
Data Engineer | TechNova Solutions | 2024-Present
- Built and maintained dashboards tracking 26 KPIs for 2 stakeholder teams.
- Automated reporting workflows with Python, saving 8 hours per week.
- Improved data quality by 35% through validation checks and anomaly detection.

EDUCATION
Bachelor of Science | Central State Institute | 2020",Data Engineer
"Lakshmi Gupta
lakshmigupta254@examplemail.com | (555) 010-0254

SUMMARY
Senior Data Engineer with 6 years of experience at InsightWorks, specializing in data engineer work.

SKILLS
Python, GCP, regression, Snowflake, data pipelines, Databricks, schema design, dbt, pandas, Airflow, data quality, data warehousing, SQL, Kafka

EXPERIENCE
Senior Data Engineer | InsightWorks | 2019-Present
- Built and maintained dashboards tracking 24 KPIs for 4 stakeholder teams.
- Automated reporting workflows with Python, saving 7 hours per week.
- Improved data quality by 38% through validation checks and anomaly detection.

EDUCATION
Bachelor of Science | State University | 2017",Data Engineer
"Meera Agarwal
meeraagarwal255@examplemail.com | (555) 010-0255

SUMMARY
Analytics Engineer with 5 years of experience at DataBridge Labs, specializing in data engineer work.

SKILLS
schema design, data warehousing, Kafka, PyTorch, SQL, data validation, Snowflake, Spark, ETL, A/B testing of models, business requirements, dbt, data pipelines

EXPERIENCE
Analytics Engineer | DataBridge Labs | 2021-Present
- Built and maintained dashboards tracking 29 KPIs for 2 stakeholder teams.
- Automated reporting workflows with SQL, saving 12 hours per week.
- Improved data quality by 33% through validation checks and anomaly detection.

EDUCATION
Bachelor of Science | Central State Institute | 2020",Data Engineer
"Divya Reddy
divyareddy256@examplemail.com | (555) 010-0256

SUMMARY
Senior Data Engineer with 5 years of experience at TechNova Solutions, specializing in data engineer work.

SKILLS
Airflow, AWS, SSRS, Databricks, Spark, Python, regression, data pipelines, data warehousing, schema design, SQL, Snowflake, feature stores, Kafka, dbt

EXPERIENCE
Senior Data Engineer | TechNova Solutions | 2024-Present
- Built and maintained dashboards tracking 6 KPIs for 3 stakeholder teams.
- Automated reporting workflows with Excel, saving 12 hours per week.
- Improved data quality by 29% through validation checks and anomaly detection.

EDUCATION
Bachelor of Science | Institute of Technology | 2017",Data Engineer
"Nikhil Kulkarni
nikhilkulkarni257@examplemail.com | (555) 010-0257

SUMMARY
Analytics Engineer with 2 years of experience at InsightWorks, specializing in data engineer work.

SKILLS
Snowflake, Airflow, SQL, AWS, Spark, Python, deep learning, schema design, DAX, data quality, pivot tables

EXPERIENCE
Analytics Engineer | InsightWorks | 2020-Present
- Built and maintained dashboards tracking 18 KPIs for 3 stakeholder teams.
- Automated reporting workflows with Excel, saving 12 hours per week.
- Improved data quality by 19% through validation checks and anomaly detection.

EDUCATION
Bachelor of Science | National University | 2018",Data Engineer
"Aditya Mehta
adityamehta258@examplemail.com | (555) 010-0258

SUMMARY
Data Engineer with 4 years of experience at QuantumMetrics, specializing in data engineer work.

SKILLS
data pipelines, SQL, business requirements, GCP, schema design, AWS, data warehousing, data warehousing, Excel, Spark, Snowflake, SQL, ETL, experimental design, data quality

EXPERIENCE
Data Engineer | QuantumMetrics | 2019-Present
- Built and maintained dashboards tracking 22 KPIs for 6 stakeholder teams.
- Automated reporting workflows with SQL, saving 7 hours per week.
- Improved data quality by 20% through validation checks and anomaly detection.

EDUCATION
Bachelor of Science | National University | 2019",Data Engineer
"Kavya Mehta
kavyamehta259@examplemail.com | (555) 010-0259

SUMMARY
Data Engineer with 6 years of experience at InsightWorks, specializing in data engineer work.

SKILLS
SQL, ETL, MLflow, AWS, data quality, Kafka, Databricks, hypothesis testing, schema design, data pipelines, GCP, NumPy, experimental design

EXPERIENCE
Data Engineer | InsightWorks | 2023-Present
- Built and maintained dashboards tracking 16 KPIs for 6 stakeholder teams.
- Automated reporting workflows with Excel, saving 20 hours per week.
- Improved data quality by 30% through validation checks and anomaly detection.

EDUCATION
Bachelor of Science | Institute of Technology | 2016",Data Engineer
"Manoj Patel
manojpatel260@examplemail.com | (555) 010-0260

SUMMARY
Analytics Engineer with 4 years of experience at Nexalytics, specializing in data engineer work.

SKILLS
schema design, dbt, R, Python, Snowflake, Databricks, Kafka, Spark, REST APIs, AWS, Airflow, Python, ETL, Power BI

EXPERIENCE
Analytics Engineer | Nexalytics | 2022-Present
- Built and maintained dashboards tracking 10 KPIs for 5 stakeholder teams.
- Automated reporting workflows with SQL, saving 14 hours per week.
- Improved data quality by 26% through validation checks and anomaly detection.

EDUCATION
Bachelor of Science | National University | 2019",Data Engineer
"Sanjay Das
sanjaydas261@examplemail.com | (555) 010-0261

SUMMARY
Data Engineer with 2 years of experience at Nexalytics, specializing in data engineer work.

SKILLS
Airflow, Spark, Databricks, SQL, dimensional modeling, Snowflake, data quality, Kafka, data warehousing, dbt, data validation, Python, data pipelines, GCP

EXPERIENCE
Data Engineer | Nexalytics | 2019-Present
- Built and maintained dashboards tracking 21 KPIs for 2 stakeholder teams.
- Automated reporting workflows with SQL, saving 11 hours per week.
- Improved data quality by 15% through validation checks and anomaly detection.

EDUCATION
Bachelor of Science | State University | 2014",Data Engineer
"Neha Gupta
nehagupta262@examplemail.com | (555) 010-0262

SUMMARY
Senior Data Engineer with 5 years of experience at CloudPeak, specializing in data engineer work.

SKILLS
Airflow, Databricks, scikit-learn, Spark, dbt, SQL, Excel, Snowflake, data warehousing, ETL, schema design, data quality, Python

EXPERIENCE
Senior Data Engineer | CloudPeak | 2021-Present
- Built and maintained dashboards tracking 30 KPIs for 2 stakeholder teams.
- Automated reporting workflows with SQL, saving 13 hours per week.
- Improved data quality by 39% through validation checks and anomaly detection.

EDUCATION
Bachelor of Science | Metropolitan College | 2017",Data Engineer
"Rohit Chandra
rohitchandra263@examplemail.com | (555) 010-0263

SUMMARY
Analytics Engineer with 5 years of experience at BrightSpark Analytics, specializing in data engineer work.

SKILLS
Spark, data pipelines, data quality, Python, GCP, Snowflake, SQL, schema design, Kafka, Airflow, data warehousing, TensorFlow

EXPERIENCE
Analytics Engineer | BrightSpark Analytics | 2019-Present
- Built and maintained dashboards tracking 26 KPIs for 5 stakeholder teams.
- Automated reporting workflows with Excel, saving 18 hours per week.
- Improved data quality by 31% through validation checks and anomaly detection.

EDUCATION
Bachelor of Science | Metropolitan College | 2014",Data Engineer
"Farhan Kulkarni
farhankulkarni264@examplemail.com | (555) 010-0264

SUMMARY
Data Engineer with 2 years of experience at TechNova Solutions, specializing in data engineer work.

SKILLS
experimental design, SQL, data pipelines, Databricks, Kafka, DAX, AWS, Snowflake, Airflow, data warehousing, ETL, schema design

EXPERIENCE
Data Engineer | TechNova Solutions | 2019-Present
- Built and maintained dashboards tracking 19 KPIs for 2 stakeholder teams.
- Automated reporting workflows with SQL, saving 12 hours per week.
- Improved data quality by 17% through validation checks and anomaly detection.

EDUCATION
Bachelor of Science | Metropolitan College | 2015",Data Engineer
"Lakshmi Reddy
lakshmireddy265@examplemail.com | (555) 010-0265

SUMMARY
Analytics Engineer with 6 years of experience at DataBridge Labs, specializing in data engineer work.

SKILLS
model deployment, DAX, Spark, data pipelines, Spark, AWS, Airflow, dbt, ETL, Kafka, SQL

EXPERIENCE
Analytics Engineer | DataBridge Labs | 2020-Present
- Built and maintained dashboards tracking 25 KPIs for 6 stakeholder teams.
- Automated reporting workflows with SQL, saving 12 hours per week.
- Improved data quality by 17% through validation checks and anomaly detection.

EDUCATION
Bachelor of Science | National University | 2014",Data Engineer
"Meera Reddy
meerareddy266@examplemail.com | (555) 010-0266

SUMMARY
Senior Data Engineer with 3 years of experience at DataBridge Labs, specializing in data engineer work.

SKILLS
schema design, data warehousing, Airflow, dbt, GCP, Snowflake, data quality, model deployment, ETL, Python, Kafka, deep learning, Spark, SQL

EXPERIENCE
Senior Data Engineer | DataBridge Labs | 2022-Present
- Built and maintained dashboards tracking 12 KPIs for 5 stakeholder teams.
- Automated reporting workflows with Excel, saving 19 hours per week.
- Improved data quality by 14% through validation checks and anomaly detection.

EDUCATION
Bachelor of Science | State University | 2016",Data Engineer
"Vikram Patel
vikrampatel267@examplemail.com | (555) 010-0267

SUMMARY
Senior Data Engineer with 3 years of experience at ApexInsight, specializing in data engineer work.

SKILLS
Kafka, AWS, SQL, GCP, data quality, Spark, ETL, ETL, data warehousing, Airflow, stakeholder reporting, dbt, ETL, Looker, Python, Snowflake

EXPERIENCE
Senior Data Engineer | ApexInsight | 2023-Present
- Built and maintained dashboards tracking 29 KPIs for 5 stakeholder teams.
- Automated reporting workflows with SQL, saving 7 hours per week.
- Improved data quality by 26% through validation checks and anomaly detection.

EDUCATION
Bachelor of Science | Metropolitan College | 2016",Data Engineer
"Meera Mehta
meeramehta268@examplemail.com | (555) 010-0268

SUMMARY
Data Engineer with 6 years of experience at BlueOrbit Data, specializing in data engineer work.

SKILLS
Databricks, PyTorch, Spark, Tableau, Kafka, AWS, dbt, ETL, Python, data warehousing, schema design, Python

EXPERIENCE
Data Engineer | BlueOrbit Data | 2024-Present
- Built and maintained dashboards tracking 30 KPIs for 3 stakeholder teams.
- Automated reporting workflows with SQL, saving 18 hours per week.
- Improved data quality by 31% through validation checks and anomaly detection.

EDUCATION
Bachelor of Science | National University | 2015",Data Engineer
"Priya Iyer
priyaiyer269@examplemail.com | (555) 010-0269

SUMMARY
Data Engineer with 3 years of experience at BrightSpark Analytics, specializing in data engineer work.

SKILLS
Power BI, A/B testing, GCP, SQL, Kafka, Python, data pipelines, Snowflake, data warehousing, Databricks, Spark

EXPERIENCE
Data Engineer | BrightSpark Analytics | 2018-Present
- Built and maintained dashboards tracking 25 KPIs for 5 stakeholder teams.
- Automated reporting workflows with SQL, saving 5 hours per week.
- Improved data quality by 13% through validation checks and anomaly detection.

EDUCATION
Bachelor of Science | National University | 2014",Data Engineer
"Sneha Agarwal
snehaagarwal270@examplemail.com | (555) 010-0270

SUMMARY
Data Engineer with 2 years of experience at BlueOrbit Data, specializing in data engineer work.

SKILLS
data quality, Databricks, data validation, dbt, schema design, data pipelines, SQL, Kafka, data warehousing, Spark, AWS, Airflow, statistical analysis, regression, GCP

EXPERIENCE
Data Engineer | BlueOrbit Data | 2022-Present
- Built and maintained dashboards tracking 26 KPIs for 2 stakeholder teams.
- Automated reporting workflows with Python, saving 10 hours per week.
- Improved data quality by 10% through validation checks and anomaly detection.

EDUCATION
Bachelor of Science | Institute of Technology | 2017",Data Engineer
"Rohit Iyer
rohitiyer271@examplemail.com | (555) 010-0271

SUMMARY
Analytics Engineer with 6 years of experience at TechNova Solutions, specializing in data engineer work.

SKILLS
data quality, Databricks, SQL, Spark, SQL, ETL, Python, NumPy, data cleaning, dbt, GCP, Snowflake, model deployment

EXPERIENCE
Analytics Engineer | TechNova Solutions | 2018-Present
- Built and maintained dashboards tracking 15 KPIs for 6 stakeholder teams.
- Automated reporting workflows with SQL, saving 11 hours per week.
- Improved data quality by 32% through validation checks and anomaly detection.

EDUCATION
Bachelor of Science | Institute of Technology | 2019",Data Engineer
"Priya Nair
priyanair272@examplemail.com | (555) 010-0272

SUMMARY
Data Engineer with 6 years of experience at TechNova Solutions, specializing in data engineer work.

SKILLS
GCP, ETL, Spark, MLOps, schema design, data validation, SQL, experimental design, R, data warehousing, data quality, Kafka, Databricks, Airflow, feature stores

EXPERIENCE
Data Engineer | TechNova Solutions | 2024-Present
- Built and maintained dashboards tracking 16 KPIs for 6 stakeholder teams.
- Automated reporting workflows with Excel, saving 10 hours per week.
- Improved data quality by 23% through validation checks and anomaly detection.

EDUCATION
Bachelor of Science | Institute of Technology | 2015",Data Engineer
"Rohit Chandra
rohitchandra273@examplemail.com | (555) 010-0273

SUMMARY
Analytics Engineer with 1 years of experience at Nexalytics, specializing in data engineer work.

SKILLS
NumPy, ETL, Snowflake, dbt, Spark, data pipelines, SQL, scikit-learn, GCP, data quality, Databricks

EXPERIENCE
Analytics Engineer | Nexalytics | 2024-Present
- Built and maintained dashboards tracking 10 KPIs for 6 stakeholder teams.
- Automated reporting workflows with Excel, saving 14 hours per week.
- Improved data quality by 28% through validation checks and anomaly detection.

EDUCATION
Bachelor of Science | State University | 2020",Data Engineer
"Kavya Iyer
kavyaiyer274@examplemail.com | (555) 010-0274

SUMMARY
Analytics Engineer with 2 years of experience at BlueOrbit Data, specializing in data engineer work.

SKILLS
AWS, data pipelines, PyTorch, data quality, reporting, dbt, Spark, SQL, schema design, R, Airflow, Python, deep learning, GCP, Snowflake, data warehousing, SQL

EXPERIENCE
Analytics Engineer | BlueOrbit Data | 2021-Present
- Built and maintained dashboards tracking 19 KPIs for 4 stakeholder teams.
- Automated reporting workflows with SQL, saving 14 hours per week.
- Improved data quality by 18% through validation checks and anomaly detection.

EDUCATION
Bachelor of Science | Metropolitan College | 2018",Data Engineer
"Manoj Nair
manojnair275@examplemail.com | (555) 010-0275

SUMMARY
Senior Data Engineer with 5 years of experience at QuantumMetrics, specializing in data engineer work.

SKILLS
SQL, ETL, Kafka, Python, data quality, dbt, Snowflake, SQL, statistical modeling, Airflow, Databricks, data warehousing, AWS

EXPERIENCE
Senior Data Engineer | QuantumMetrics | 2022-Present
- Built and maintained dashboards tracking 11 KPIs for 2 stakeholder teams.
- Automated reporting workflows with Excel, saving 18 hours per week.
- Improved data quality by 32% through validation checks and anomaly detection.

EDUCATION
Bachelor of Science | State University | 2019",Data Engineer
"Ishita Nair
ishitanair276@examplemail.com | (555) 010-0276

SUMMARY
Data Engineer with 1 years of experience at BlueOrbit Data, specializing in data engineer work.

SKILLS
Airflow, AWS, Kafka, ETL, data pipelines, MLflow, SQL, dbt, GCP, data warehousing, Spark, schema design, Snowflake, SQL

EXPERIENCE
Data Engineer | BlueOrbit Data | 2020-Present
- Built and maintained dashboards tracking 28 KPIs for 6 stakeholder teams.
- Automated reporting workflows with SQL, saving 11 hours per week.
- Improved data quality by 39% through validation checks and anomaly detection.

EDUCATION
Bachelor of Science | Central State Institute | 2019",Data Engineer
"Nikhil Patel
nikhilpatel277@examplemail.com | (555) 010-0277

SUMMARY
Senior Data Engineer with 5 years of experience at PrimeSight, specializing in data engineer work.

SKILLS
Python, DAX, SQL, data quality, AWS, pandas, Kafka, dbt, Snowflake, data warehousing

EXPERIENCE
Senior Data Engineer | PrimeSight | 2021-Present
- Built and maintained dashboards tracking 21 KPIs for 3 stakeholder teams.
- Automated reporting workflows with SQL, saving 8 hours per week.
- Improved data quality by 39% through validation checks and anomaly detection.

EDUCATION
Bachelor of Science | Central State Institute | 2014",Data Engineer
"Vikram Joshi
vikramjoshi278@examplemail.com | (555) 010-0278

SUMMARY
Senior Data Engineer with 1 years of experience at CloudPeak, specializing in data engineer work.

SKILLS
reporting, SQL, GCP, AWS, schema design, pandas, data pipelines, Airflow, Kafka, Spark, data quality, dbt, SQL

EXPERIENCE
Senior Data Engineer | CloudPeak | 2021-Present
- Built and maintained dashboards tracking 10 KPIs for 3 stakeholder teams.
- Automated reporting workflows with SQL, saving 13 hours per week.
- Improved data quality by 13% through validation checks and anomaly detection.

EDUCATION
Bachelor of Science | National University | 2017",Data Engineer
"Ritu Agarwal
rituagarwal279@examplemail.com | (555) 010-0279

SUMMARY
Senior Data Engineer with 6 years of experience at InsightWorks, specializing in data engineer work.

SKILLS
data quality, Tableau, data warehousing, data governance, dbt, Spark, data pipelines, SQL, schema design, Power BI, ETL, GCP, AWS, Python, Snowflake

EXPERIENCE
Senior Data Engineer | InsightWorks | 2018-Present
- Built and maintained dashboards tracking 21 KPIs for 3 stakeholder teams.
- Automated reporting workflows with Python, saving 13 hours per week.
- Improved data quality by 34% through validation checks and anomaly detection.

EDUCATION
Bachelor of Science | Metropolitan College | 2020",Data Engineer
"Karan Nair
karannair280@examplemail.com | (555) 010-0280

SUMMARY
Senior Data Engineer with 4 years of experience at Nexalytics, specializing in data engineer work.

SKILLS
Airflow, GCP, reporting, Snowflake, feature engineering, schema design, data quality, data warehousing, Spark, ETL

EXPERIENCE
Senior Data Engineer | Nexalytics | 2020-Present
- Built and maintained dashboards tracking 18 KPIs for 6 stakeholder teams.
- Automated reporting workflows with SQL, saving 12 hours per week.
- Improved data quality by 17% through validation checks and anomaly detection.

EDUCATION
Bachelor of Science | Institute of Technology | 2017",Data Engineer
"Kavya Patel
kavyapatel281@examplemail.com | (555) 010-0281

SUMMARY
Analytics Engineer with 3 years of experience at BlueOrbit Data, specializing in data engineer work.

SKILLS
DAX, data pipelines, SQL, SQL, Airflow, data quality, Tableau, Databricks, Kafka, ETL, Power BI, dbt

EXPERIENCE
Analytics Engineer | BlueOrbit Data | 2018-Present
- Built and maintained dashboards tracking 20 KPIs for 4 stakeholder teams.
- Automated reporting workflows with SQL, saving 14 hours per week.
- Improved data quality by 13% through validation checks and anomaly detection.

EDUCATION
Bachelor of Science | National University | 2019",Data Engineer
"Aarav Khan
aaravkhan282@examplemail.com | (555) 010-0282

SUMMARY
Analytics Engineer with 2 years of experience at BrightSpark Analytics, specializing in data engineer work.

SKILLS
Kafka, SQL, Spark, data warehousing, schema design, Airflow, reporting, dbt, statistical analysis, GCP, pivot tables, SQL, ETL, Databricks, AWS

EXPERIENCE
Analytics Engineer | BrightSpark Analytics | 2021-Present
- Built and maintained dashboards tracking 22 KPIs for 3 stakeholder teams.
- Automated reporting workflows with Python, saving 9 hours per week.
- Improved data quality by 16% through validation checks and anomaly detection.

EDUCATION
Bachelor of Science | Metropolitan College | 2018",Data Engineer
"Manoj Joshi
manojjoshi283@examplemail.com | (555) 010-0283

SUMMARY
Senior Data Engineer with 4 years of experience at BlueOrbit Data, specializing in data engineer work.

SKILLS
XGBoost, dbt, SQL, AWS, Databricks, Spark, data quality, ETL, Python, schema design, data pipelines, statistical modeling, Power BI, Snowflake

EXPERIENCE
Senior Data Engineer | BlueOrbit Data | 2019-Present
- Built and maintained dashboards tracking 24 KPIs for 4 stakeholder teams.
- Automated reporting workflows with Python, saving 10 hours per week.
- Improved data quality by 10% through validation checks and anomaly detection.

EDUCATION
Bachelor of Science | Metropolitan College | 2018",Data Engineer
"Arjun Sharma
arjunsharma284@examplemail.com | (555) 010-0284

SUMMARY
Analytics Engineer with 6 years of experience at BlueOrbit Data, specializing in data engineer work.

SKILLS
data warehousing, SQL, Spark, ETL, Airflow, GCP, data pipelines, data quality, Python, schema design, Snowflake, dbt, Power BI, Spark, machine learning, ETL

EXPERIENCE
Analytics Engineer | BlueOrbit Data | 2022-Present
- Built and maintained dashboards tracking 22 KPIs for 4 stakeholder teams.
- Automated reporting workflows with Excel, saving 9 hours per week.
- Improved data quality by 23% through validation checks and anomaly detection.

EDUCATION
Bachelor of Science | National University | 2016",Data Engineer
"Rohit Patel
rohitpatel285@examplemail.com | (555) 010-0285

SUMMARY
Data Engineer with 1 years of experience at TechNova Solutions, specializing in data engineer work.

SKILLS
Python, KPIs, Spark, data pipelines, Kafka, dbt, ETL, Python, SQL, data quality, GCP, Snowflake, data warehousing

EXPERIENCE
Data Engineer | TechNova Solutions | 2024-Present
- Built and maintained dashboards tracking 20 KPIs for 3 stakeholder teams.
- Automated reporting workflows with SQL, saving 10 hours per week.
- Improved data quality by 36% through validation checks and anomaly detection.

EDUCATION
Bachelor of Science | Metropolitan College | 2015",Data Engineer
"Arjun Agarwal
arjunagarwal286@examplemail.com | (555) 010-0286

SUMMARY
Data Engineer with 2 years of experience at InsightWorks, specializing in data engineer work.

SKILLS
schema design, ETL, Airflow, data warehousing, TensorFlow, SQL, Snowflake, feature engineering, Spark, data pipelines, Python, feature stores, data quality

EXPERIENCE
Data Engineer | InsightWorks | 2023-Present
- Built and maintained dashboards tracking 12 KPIs for 2 stakeholder teams.
- Automated reporting workflows with SQL, saving 9 hours per week.
- Improved data quality by 40% through validation checks and anomaly detection.

EDUCATION
Bachelor of Science | Metropolitan College | 2018",Data Engineer
"Aarav Sharma
aaravsharma287@examplemail.com | (555) 010-0287

SUMMARY
Analytics Engineer with 1 years of experience at DataBridge Labs, specializing in data engineer work.

SKILLS
AWS, SQL, data warehousing, Tableau, Airflow, Snowflake, data pipelines, Tableau, Python, model deployment, schema design, ETL, GCP, ETL, Spark

EXPERIENCE
Analytics Engineer | DataBridge Labs | 2023-Present
- Built and maintained dashboards tracking 12 KPIs for 5 stakeholder teams.
- Automated reporting workflows with SQL, saving 9 hours per week.
- Improved data quality by 21% through validation checks and anomaly detection.

EDUCATION
Bachelor of Science | Central State Institute | 2016",Data Engineer
"Divya Singh
divyasingh288@examplemail.com | (555) 010-0288

SUMMARY
Data Engineer with 3 years of experience at DataBridge Labs, specializing in data engineer work.

SKILLS
Airflow, schema design, REST APIs, Snowflake, SQL, Kafka, Power BI, ETL, data warehousing, pivot tables, ETL, dbt

EXPERIENCE
Data Engineer | DataBridge Labs | 2020-Present
- Built and maintained dashboards tracking 8 KPIs for 4 stakeholder teams.
- Automated reporting workflows with SQL, saving 16 hours per week.
- Improved data quality by 39% through validation checks and anomaly detection.

EDUCATION
Bachelor of Science | National University | 2020",Data Engineer
"Manoj Reddy
manojreddy289@examplemail.com | (555) 010-0289

SUMMARY
Analytics Engineer with 4 years of experience at TechNova Solutions, specializing in data engineer work.

SKILLS
Spark, ETL, Kafka, reporting, data quality, ETL, AWS, regression, Databricks, pivot tables, SQL, data warehousing, data pipelines

EXPERIENCE
Analytics Engineer | TechNova Solutions | 2022-Present
- Built and maintained dashboards tracking 18 KPIs for 6 stakeholder teams.
- Automated reporting workflows with SQL, saving 20 hours per week.
- Improved data quality by 27% through validation checks and anomaly detection.

EDUCATION
Bachelor of Science | Institute of Technology | 2020",Data Engineer
"Divya Singh
divyasingh290@examplemail.com | (555) 010-0290

SUMMARY
Analytics Engineer with 1 years of experience at DataBridge Labs, specializing in data engineer work.

SKILLS
data pipelines, ETL, Python, A/B testing, PyTorch, schema design, data warehousing, Snowflake, MLOps, Kafka, Airflow, Databricks, reporting, SQL, GCP

EXPERIENCE
Analytics Engineer | DataBridge Labs | 2021-Present
- Built and maintained dashboards tracking 27 KPIs for 3 stakeholder teams.
- Automated reporting workflows with SQL, saving 5 hours per week.
- Improved data quality by 32% through validation checks and anomaly detection.

EDUCATION
Bachelor of Science | Central State Institute | 2016",Data Engineer
"Priya Iyer
priyaiyer291@examplemail.com | (555) 010-0291

SUMMARY
Senior Data Engineer with 1 years of experience at ApexInsight, specializing in data engineer work.

SKILLS
Spark, data warehousing, dbt, DAX, schema design, data pipelines, data quality, ETL, SQL, Airflow, Kafka, Databricks, PyTorch, Python, AWS

EXPERIENCE
Senior Data Engineer | ApexInsight | 2019-Present
- Built and maintained dashboards tracking 25 KPIs for 2 stakeholder teams.
- Automated reporting workflows with Excel, saving 10 hours per week.
- Improved data quality by 26% through validation checks and anomaly detection.

EDUCATION
Bachelor of Science | State University | 2014",Data Engineer
"Sanjay Chandra
sanjaychandra292@examplemail.com | (555) 010-0292

SUMMARY
Analytics Engineer with 3 years of experience at PrimeSight, specializing in data engineer work.

SKILLS
reporting, data pipelines, CI/CD, Airflow, stakeholder reporting, SQL, feature engineering, ETL, data warehousing, AWS, Python, GCP, Spark, dbt, data quality

EXPERIENCE
Analytics Engineer | PrimeSight | 2018-Present
- Built and maintained dashboards tracking 25 KPIs for 5 stakeholder teams.
- Automated reporting workflows with Python, saving 13 hours per week.
- Improved data quality by 13% through validation checks and anomaly detection.

EDUCATION
Bachelor of Science | Central State Institute | 2014",Data Engineer
"Ishita Kulkarni
ishitakulkarni293@examplemail.com | (555) 010-0293

SUMMARY
Senior Data Engineer with 3 years of experience at TechNova Solutions, specializing in data engineer work.

SKILLS
Python, Airflow, Power BI, Python, schema design, dbt, data quality, ETL, GCP, Spark, SQL, data warehousing

EXPERIENCE
Senior Data Engineer | TechNova Solutions | 2024-Present
- Built and maintained dashboards tracking 29 KPIs for 4 stakeholder teams.
- Automated reporting workflows with SQL, saving 11 hours per week.
- Improved data quality by 20% through validation checks and anomaly detection.

EDUCATION
Bachelor of Science | Institute of Technology | 2017",Data Engineer
"Neha Verma
nehaverma294@examplemail.com | (555) 010-0294

SUMMARY
Senior Data Engineer with 3 years of experience at InsightWorks, specializing in data engineer work.

SKILLS
dbt, data quality, ETL, data pipelines, Spark, Python, Databricks, Airflow, GCP, Power BI, SQL, data cleaning, TensorFlow, Snowflake, ETL

EXPERIENCE
Senior Data Engineer | InsightWorks | 2023-Present
- Built and maintained dashboards tracking 14 KPIs for 4 stakeholder teams.
- Automated reporting workflows with Excel, saving 18 hours per week.
- Improved data quality by 11% through validation checks and anomaly detection.

EDUCATION
Bachelor of Science | State University | 2020",Data Engineer
"Lakshmi Singh
lakshmisingh295@examplemail.com | (555) 010-0295

SUMMARY
Analytics Engineer with 1 years of experience at CloudPeak, specializing in data engineer work.

SKILLS
TensorFlow, SQL, regression, GCP, Python, Snowflake, data pipelines, schema design, data cleaning, dbt, Spark, statistical analysis, statistical modeling, ETL, AWS, data warehousing, data quality

EXPERIENCE
Analytics Engineer | CloudPeak | 2020-Present
- Built and maintained dashboards tracking 23 KPIs for 5 stakeholder teams.
- Automated reporting workflows with Python, saving 16 hours per week.
- Improved data quality by 37% through validation checks and anomaly detection.

EDUCATION
Bachelor of Science | Institute of Technology | 2017",Data Engineer
"Pooja Khan
poojakhan296@examplemail.com | (555) 010-0296

SUMMARY
Analytics Engineer with 4 years of experience at PrimeSight, specializing in data engineer work.

SKILLS
ETL, Python, schema design, MLOps, GCP, Snowflake, dbt, Tableau, data warehousing, ETL, AWS, data pipelines, data quality, SQL, Kafka

EXPERIENCE
Analytics Engineer | PrimeSight | 2019-Present
- Built and maintained dashboards tracking 25 KPIs for 6 stakeholder teams.
- Automated reporting workflows with SQL, saving 8 hours per week.
- Improved data quality by 12% through validation checks and anomaly detection.

EDUCATION
Bachelor of Science | Metropolitan College | 2019",Data Engineer
"Sneha Singh
snehasingh297@examplemail.com | (555) 010-0297

SUMMARY
Senior Data Engineer with 2 years of experience at Nexalytics, specializing in data engineer work.

SKILLS
Snowflake, Spark, Kafka, model deployment, ETL, ETL, AWS, SQL, Airflow, data warehousing, schema design, data quality

EXPERIENCE
Senior Data Engineer | Nexalytics | 2020-Present
- Built and maintained dashboards tracking 6 KPIs for 3 stakeholder teams.
- Automated reporting workflows with Python, saving 18 hours per week.
- Improved data quality by 18% through validation checks and anomaly detection.

EDUCATION
Bachelor of Science | Institute of Technology | 2019",Data Engineer
"Ananya Reddy
ananyareddy298@examplemail.com | (555) 010-0298

SUMMARY
Senior Data Engineer with 3 years of experience at InsightWorks, specializing in data engineer work.

SKILLS
AWS, Kafka, Power Query, dbt, data pipelines, SQL, data warehousing, Python, GCP, data cleaning, ETL, data quality, hypothesis testing, schema design, Airflow, scikit-learn

EXPERIENCE
Senior Data Engineer | InsightWorks | 2021-Present
- Built and maintained dashboards tracking 26 KPIs for 4 stakeholder teams.
- Automated reporting workflows with Python, saving 9 hours per week.
- Improved data quality by 38% through validation checks and anomaly detection.

EDUCATION
Bachelor of Science | State University | 2015",Data Engineer
"Kavya Kulkarni
kavyakulkarni299@examplemail.com | (555) 010-0299

SUMMARY
Senior Data Engineer with 6 years of experience at DataBridge Labs, specializing in data engineer work.

SKILLS
REST APIs, Python, Snowflake, SQL, schema design, AWS, Airflow, GCP, stakeholder reporting, ETL, Kafka, data pipelines, experimental design, Spark, Databricks

EXPERIENCE
Senior Data Engineer | DataBridge Labs | 2024-Present
- Built and maintained dashboards tracking 19 KPIs for 5 stakeholder teams.
- Automated reporting workflows with SQL, saving 16 hours per week.
- Improved data quality by 21% through validation checks and anomaly detection.

EDUCATION
Bachelor of Science | National University | 2018",Data Engineer
